method,trigger_class,n_pairs,median,q1,q3,statistic
AF2,equilibrium_or_unknown,9,0.018057003523221225,0.015786185441507103,0.0435096963814725,stddev_centered
AF2,ligand,15,0.04267501778391127,0.02891957401204313,0.05660369925256102,stddev_centered
AF2,mutation,10,0.10003182620647108,0.08229580246896709,0.13203148089778508,stddev_centered
AF2,oligomerization,11,0.06685701046625438,0.039779336694950054,0.1104500816769404,stddev_centered
AF2,protein_binding,6,0.04345153540845647,0.026838138607736203,0.10523780380534878,stddev_centered
AF3,equilibrium_or_unknown,9,0.02500697463105083,0.019898470860200728,0.04349191919935891,stddev_centered
AF3,ligand,15,0.07395841378975776,0.03510353933025403,0.09398079242399743,stddev_centered
AF3,mutation,10,0.09374877483083861,0.08567347835309995,0.14046517315008,stddev_centered
AF3,oligomerization,11,0.06998734625375906,0.05234965013440171,0.1384685832930333,stddev_centered
AF3,protein_binding,6,0.05008236905595198,0.04070188752701628,0.1272067198980722,stddev_centered
Boltz2,equilibrium_or_unknown,7,0.019627167107967358,0.0,0.026110938321502797,stddev_centered
Boltz2,ligand,15,0.02009559728654588,0.01737855506519237,0.03795517078404667,stddev_centered
Boltz2,mutation,9,0.09394887077124407,0.06454602519665226,0.17718006922104834,stddev_centered
Boltz2,oligomerization,10,0.08434107174740839,0.03299319141801437,0.1251687637759406,stddev_centered
Boltz2,protein_binding,5,0.035993193801050774,0.030437176851572118,0.04403896876457979,stddev_centered
CCMpred,equilibrium_or_unknown,7,0.002665008954445131,0.00017213825532800208,0.0037035466734332335,stddev_centered
CCMpred,ligand,9,0.0006260990336999411,0.0,0.0037016354849117566,stddev_centered
CCMpred,mutation,6,0.00866512799848257,6.308932681440447e-05,0.02874902442995242,stddev_centered
CCMpred,oligomerization,5,0.0017220029377579642,0.0002667891875399662,0.03703508924652181,stddev_centered
CCMpred,protein_binding,3,0.0007216878364870322,0.0003608439182435161,0.0011999903099217898,stddev_centered
DDG,equilibrium_or_unknown,9,1.725049718198409,1.1703411116215285,2.5739697150304397,stddev_centered
DDG,ligand,15,3.657810940898707,2.8422803373274648,5.54624810892826,stddev_centered
DDG,mutation,9,3.321424734355862,2.8310667575101065,15.401522675977908,stddev_centered
DDG,oligomerization,11,3.4788702129113434,2.3461351457702992,5.067964406110171,stddev_centered
DDG,protein_binding,5,7.591120682525517,5.005631505031574,13.21439120470642,stddev_centered
ESM,equilibrium_or_unknown,7,0.016973756833789967,0.015079673531135401,0.02590926190265488,stddev_centered
ESM,ligand,9,0.027969958791017942,0.012769217246601652,0.04950225879423074,stddev_centered
ESM,mutation,6,0.0360912927166246,0.020990764486255416,0.08757220301919906,stddev_centered
ESM,oligomerization,5,0.04749044465293342,0.036408661973034204,0.0707746067338656,stddev_centered
ESM,protein_binding,3,0.041861251720468125,0.038296206211963765,0.04370027099544277,stddev_centered
MSAT,equilibrium_or_unknown,7,0.014083102920833458,0.01106419307873706,0.046240802011040506,stddev_centered
MSAT,ligand,9,0.01609778076178656,0.0025435599009453204,0.06663511224730193,stddev_centered
MSAT,mutation,5,0.03381711572587639,0.023958140082036335,0.06764822256209159,stddev_centered
MSAT,oligomerization,5,0.006997189561867384,0.005501009265687203,0.1459828087637221,stddev_centered
MSAT,protein_binding,2,0.009164206722793448,0.008983601040389842,0.009344812405197052,stddev_centered
S4PRED,equilibrium_or_unknown,9,0.0315470930183625,0.017745385782014577,0.03817279944346532,stddev_centered
S4PRED,ligand,15,0.01865245905647864,0.009830723827627912,0.041898046097080366,stddev_centered
S4PRED,mutation,10,0.06588092294614849,0.007996250373330595,0.1507965501737622,stddev_centered
S4PRED,oligomerization,11,0.018021047630409244,0.008877892417210022,0.12802731640484666,stddev_centered
S4PRED,protein_binding,6,0.03589083451462548,0.015929147449873227,0.04792588222910383,stddev_centered
AF2,equilibrium_or_unknown,9,0.0164809435085029,0.015841571528298,0.04125044921990742,stddev_residual
AF2,ligand,15,0.03139324819965964,0.01938036129396919,0.04792419376673508,stddev_residual
AF2,mutation,10,0.08055539101858428,0.07504205105975219,0.10113147587502411,stddev_residual
AF2,oligomerization,11,0.046751541932452075,0.02859232563503084,0.09874073810351824,stddev_residual
AF2,protein_binding,6,0.03650984813872045,0.022263809611505928,0.10298950777970327,stddev_residual
AF3,equilibrium_or_unknown,9,0.024184126382652972,0.01866868314217145,0.04059679096936923,stddev_residual
AF3,ligand,15,0.05591635153164414,0.029341144967139528,0.07768494919264009,stddev_residual
AF3,mutation,10,0.08888075893585148,0.057649690312266855,0.1141456254706579,stddev_residual
AF3,oligomerization,11,0.06072986945170496,0.039118871606348846,0.12439303705372232,stddev_residual
AF3,protein_binding,6,0.046246701358598034,0.02973480311524458,0.07395143762933169,stddev_residual
Boltz2,equilibrium_or_unknown,7,0.01958668780220145,0.0,0.02469669648977845,stddev_residual
Boltz2,ligand,15,0.019474772789897343,0.017156885766688012,0.03788133825752647,stddev_residual
Boltz2,mutation,9,0.09392157713809,0.06415023158748674,0.16555540197663074,stddev_residual
Boltz2,oligomerization,10,0.08401168599412487,0.034124212648804,0.11491708726224462,stddev_residual
Boltz2,protein_binding,5,0.03425742159541092,0.030033043176182866,0.04375448975053207,stddev_residual
CCMpred,equilibrium_or_unknown,7,0.0,0.0,0.0002021834591639771,stddev_residual
CCMpred,ligand,9,0.0,0.0,0.0006248748442026232,stddev_residual
CCMpred,mutation,6,0.0019097488947441964,0.0,0.013763298464652742,stddev_residual
CCMpred,oligomerization,5,0.0,0.0,0.02282876523749831,stddev_residual
CCMpred,protein_binding,3,0.0,0.0,0.0,stddev_residual
DDG,equilibrium_or_unknown,9,1.356608085013531,1.113435367705107,2.3780865250017524,stddev_residual
DDG,ligand,15,2.905793466454873,2.382177235001369,3.5935465934107946,stddev_residual
DDG,mutation,9,2.9588663599451572,2.58023218198245,8.085749015110245,stddev_residual
DDG,oligomerization,11,2.9351117071680783,2.1694721825462837,3.9929305431522546,stddev_residual
DDG,protein_binding,5,4.942600366392079,4.2181161798389395,9.304024089083125,stddev_residual
ESM,equilibrium_or_unknown,7,0.016938826985279883,0.01503879489997919,0.02509795202363737,stddev_residual
ESM,ligand,9,0.027375840208815914,0.012418342182751027,0.04835142144822944,stddev_residual
ESM,mutation,6,0.03553326074727339,0.020925618852111832,0.0855286376220013,stddev_residual
ESM,oligomerization,5,0.04645644275182899,0.03638905841267868,0.06793909968278103,stddev_residual
ESM,protein_binding,3,0.04080657711627718,0.03655972964269459,0.04275890763388249,stddev_residual
MSAT,equilibrium_or_unknown,7,0.013530254939552977,0.009758605729375102,0.032901342595013795,stddev_residual
MSAT,ligand,9,0.004135017570283157,0.0023951540448417345,0.03951321854550923,stddev_residual
MSAT,mutation,5,0.033239127303128446,0.011179372427061319,0.05997613271846382,stddev_residual
MSAT,oligomerization,5,0.0069027822915467656,0.005537267415961376,0.13231445742737363,stddev_residual
MSAT,protein_binding,2,0.008351168715947658,0.00799481951883863,0.008707517913056686,stddev_residual
S4PRED,equilibrium_or_unknown,9,0.030720251512960994,0.01620971719918081,0.037694833620197786,stddev_residual
S4PRED,ligand,15,0.018713008709790764,0.00921160187250724,0.04093589625718564,stddev_residual
S4PRED,mutation,10,0.05799517246730697,0.00798796718977594,0.14396870057629363,stddev_residual
S4PRED,oligomerization,11,0.01790644877050596,0.007624909346140858,0.12928046592514092,stddev_residual
S4PRED,protein_binding,6,0.035387866754946276,0.015551556910847055,0.04439646304698808,stddev_residual
AF2,equilibrium_or_unknown,9,0.0752,0.0419,0.1213,max_abs_centered
AF2,ligand,15,0.1455,0.11345,0.1805,max_abs_centered
AF2,mutation,10,0.36755,0.291975,0.4234,max_abs_centered
AF2,oligomerization,11,0.2276,0.17945,0.30155,max_abs_centered
AF2,protein_binding,6,0.1202,0.0887,0.21252500000000002,max_abs_centered
AF3,equilibrium_or_unknown,9,0.0988,0.048,0.1226,max_abs_centered
AF3,ligand,15,0.1791,0.12110000000000001,0.27580000000000005,max_abs_centered
AF3,mutation,10,0.31835,0.24769999999999998,0.389675,max_abs_centered
AF3,oligomerization,11,0.3207,0.17175,0.3911,max_abs_centered
AF3,protein_binding,6,0.18270000000000003,0.10955000000000001,0.309175,max_abs_centered
Boltz2,equilibrium_or_unknown,7,0.0672,0.0,0.07505,max_abs_centered
Boltz2,ligand,15,0.058,0.0476,0.15710000000000002,max_abs_centered
Boltz2,mutation,9,0.2778,0.1757,0.3787,max_abs_centered
Boltz2,oligomerization,10,0.147,0.093025,0.28495,max_abs_centered
Boltz2,protein_binding,5,0.104,0.0813,0.1217,max_abs_centered
CCMpred,equilibrium_or_unknown,7,0.0125,0.00075,0.01595,max_abs_centered
CCMpred,ligand,9,0.0028,0.0,0.0159,max_abs_centered
CCMpred,mutation,6,0.03635,0.000275,0.132875,max_abs_centered
CCMpred,oligomerization,5,0.0071,0.0011,0.1395,max_abs_centered
CCMpred,protein_binding,3,0.0025,0.00125,0.0045000000000000005,max_abs_centered
DDG,equilibrium_or_unknown,9,4.8897,3.6418,8.3226,max_abs_centered
DDG,ligand,15,9.1169,7.2722,13.78735,max_abs_centered
DDG,mutation,9,8.8087,5.7232,51.0793,max_abs_centered
DDG,oligomerization,11,9.5677,5.933,17.06075,max_abs_centered
DDG,protein_binding,5,15.9977,13.5847,35.4263,max_abs_centered
ESM,equilibrium_or_unknown,7,0.0484,0.04435,0.05695,max_abs_centered
ESM,ligand,9,0.0703,0.0241,0.099,max_abs_centered
ESM,mutation,6,0.11399999999999999,0.056725,0.203675,max_abs_centered
ESM,oligomerization,5,0.1157,0.0889,0.1739,max_abs_centered
ESM,protein_binding,3,0.0734,0.07020000000000001,0.09905,max_abs_centered
MSAT,equilibrium_or_unknown,7,0.0374,0.02545,0.1395,max_abs_centered
MSAT,ligand,9,0.0325,0.007,0.2225,max_abs_centered
MSAT,mutation,5,0.1032,0.0667,0.185,max_abs_centered
MSAT,oligomerization,5,0.0213,0.0127,0.2886,max_abs_centered
MSAT,protein_binding,2,0.0245,0.022099999999999998,0.0269,max_abs_centered
S4PRED,equilibrium_or_unknown,9,0.0885720647905436,0.0606716954834185,0.1146490705007932,max_abs_centered
S4PRED,ligand,15,0.0499599389473461,0.018858237940538848,0.10397905161294305,max_abs_centered
S4PRED,mutation,10,0.1744437499767602,0.0281570596972471,0.42575251496838007,max_abs_centered
S4PRED,oligomerization,11,0.0560273976108237,0.03215330386367385,0.28384145642224434,max_abs_centered
S4PRED,protein_binding,6,0.07200076976890045,0.05295577847605318,0.16358911647732524,max_abs_centered
AF2,equilibrium_or_unknown,9,0.0420889562412416,0.040869488605673,0.0704582677996378,max_abs_residual
AF2,ligand,15,0.0855785474579983,0.0497114287684874,0.15263133793148875,max_abs_residual
AF2,mutation,10,0.21532866338980033,0.16542081193999245,0.2863174458996235,max_abs_residual
AF2,oligomerization,11,0.1642603592646247,0.1048039584425158,0.2130681752176439,max_abs_residual
AF2,protein_binding,6,0.08556053317180805,0.06079571854056415,0.18019725721561491,max_abs_residual
AF3,equilibrium_or_unknown,9,0.0648241916346502,0.0441761563920378,0.0985647728468153,max_abs_residual
AF3,ligand,15,0.1409654498452179,0.07209100628822805,0.22738549223688354,max_abs_residual
AF3,mutation,10,0.20486400288356788,0.16064576059283392,0.27825034151152195,max_abs_residual
AF3,oligomerization,11,0.193211016702736,0.1260670004848926,0.2698701146289041,max_abs_residual
AF3,protein_binding,6,0.1018468129229291,0.08716071940549477,0.1135214708521186,max_abs_residual
Boltz2,equilibrium_or_unknown,7,0.0577727661197789,0.0,0.07098967357166949,max_abs_residual
Boltz2,ligand,15,0.0546654422676235,0.04475973526523605,0.13367861129159408,max_abs_residual
Boltz2,mutation,9,0.2409798319773264,0.1736588898165506,0.3645565308215338,max_abs_residual
Boltz2,oligomerization,10,0.13513348361140803,0.0841324702015455,0.2310233471216725,max_abs_residual
Boltz2,protein_binding,5,0.1040736812649108,0.0738395158865035,0.1267697348711121,max_abs_residual
CCMpred,equilibrium_or_unknown,7,0.0,0.0,0.0005660773939451,max_abs_residual
CCMpred,ligand,9,0.0,0.0,0.0021072927534847,max_abs_residual
CCMpred,mutation,6,0.0057439857402528,0.0,0.056571992870126396,max_abs_residual
CCMpred,oligomerization,5,0.0,0.0,0.0811231106433179,max_abs_residual
CCMpred,protein_binding,3,0.0,0.0,0.0,max_abs_residual
DDG,equilibrium_or_unknown,9,4.851964548386693,2.98259772259909,7.53304636401098,max_abs_residual
DDG,ligand,15,7.862309648851495,6.115794645768632,8.818129872645489,max_abs_residual
DDG,mutation,9,8.365581812756501,5.317445530301742,19.363708094682387,max_abs_residual
DDG,oligomerization,11,7.390774395045539,5.43833314905931,10.839336465622068,max_abs_residual
DDG,protein_binding,5,11.432916958757373,10.4958459276648,27.69783950692342,max_abs_residual
ESM,equilibrium_or_unknown,7,0.0453424408537237,0.040126721804852356,0.05185646511303495,max_abs_residual
ESM,ligand,9,0.0588875311242926,0.0231217694562236,0.0965340177753436,max_abs_residual
ESM,mutation,6,0.11110202880809095,0.054474167904864076,0.18385848425564863,max_abs_residual
ESM,oligomerization,5,0.1130867898443531,0.0792460463253956,0.1778833980911286,max_abs_residual
ESM,protein_binding,3,0.0688417606248934,0.0642016333830755,0.08883929366413376,max_abs_residual
MSAT,equilibrium_or_unknown,7,0.0312726024722853,0.0226142669997976,0.08212986316051321,max_abs_residual
MSAT,ligand,9,0.0118176087316814,0.0050766063562935,0.1624627730720625,max_abs_residual
MSAT,mutation,5,0.0538167735747474,0.0322041150079145,0.1543654583020791,max_abs_residual
MSAT,oligomerization,5,0.0195275243008831,0.0121900239004995,0.2669719752842122,max_abs_residual
MSAT,protein_binding,2,0.0229512280504902,0.021097581645974552,0.02480487445500585,max_abs_residual
S4PRED,equilibrium_or_unknown,9,0.0778818004084281,0.042932105379495,0.0996876520918163,max_abs_residual
S4PRED,ligand,15,0.0327097698257909,0.0176201876545133,0.08108680944200915,max_abs_residual
S4PRED,mutation,10,0.12893086969209114,0.02734777914014625,0.3013645460713501,max_abs_residual
S4PRED,oligomerization,11,0.0537330997007353,0.02409349883321795,0.2523788258411628,max_abs_residual
S4PRED,protein_binding,6,0.05952082592799865,0.0466045138722768,0.12112739890499584,max_abs_residual
