pair_id,method,n_clusters,stddev_centered,max_abs_centered,stddev_residual,max_abs_residual,trigger_class,seq_identity
1dzlA_5keqF,AF2,50,0.015525160618972604,0.0453,0.01564037018053069,0.0429534062442904,oligomerization,0.983
1dzlA_5keqF,AF3,50,0.013997944601305741,0.0363,0.014089695710120908,0.0376623777393658,oligomerization,0.983
1dzlA_5keqF,Boltz2,49,0.017073492851881988,0.0478,0.01679959975443656,0.043220135591889,oligomerization,0.983
1dzlA_5keqF,CCMpred,6,0.0,0.0,0.0,0.0,oligomerization,0.983
1dzlA_5keqF,DDG,49,5.256661851162388,22.4379,3.5936636384578637,10.619069253023037,oligomerization,0.983
1dzlA_5keqF,ESM,6,0.00861185229785091,0.0123,0.005633424906750047,0.0074910868041621,oligomerization,0.983
1dzlA_5keqF,MSAT,6,0.0029802125203862,0.0073,0.0,0.0,oligomerization,0.983
1dzlA_5keqF,S4PRED,50,0.004258704193687229,0.0176286221270906,0.004150815307952733,0.0129833724524579,oligomerization,0.983
1eboE_5fhcJ,AF2,45,0.13300540867714267,0.3891,0.12639299936478857,0.3252757236977199,mutation,0.469
1eboE_5fhcJ,AF3,45,0.14798877346172945,0.5226,0.1200935355853969,0.2662249923295121,mutation,0.469
1eboE_5fhcJ,Boltz2,44,0.17718006922104834,0.3559,0.17713330788074327,0.2947977792111263,mutation,0.469
1eboE_5fhcJ,DDG,44,2.9653922195889946,6.1704,2.9588663599451572,5.995668621620792,mutation,0.469
1eboE_5fhcJ,S4PRED,45,0.1643830421999703,0.6837710583641532,0.16454752876301898,0.5834455214507644,mutation,0.469
1fzpD_2frhA,AF2,91,0.08803258297610984,0.3184,0.07318603676997139,0.2684297700236849,equilibrium_or_unknown,1.0
1fzpD_2frhA,AF3,91,0.08960316518535053,0.3144,0.06939697205451958,0.2396488043863698,equilibrium_or_unknown,1.0
1fzpD_2frhA,CCMpred,9,0.0,0.0,0.0,0.0,equilibrium_or_unknown,1.0
1fzpD_2frhA,DDG,90,2.5739697150304397,9.2608,2.3780865250017524,8.840544930216348,equilibrium_or_unknown,1.0
1fzpD_2frhA,ESM,8,0.06302341401642499,0.1181,0.05711435428967722,0.0954968117991644,equilibrium_or_unknown,1.0
1fzpD_2frhA,MSAT,9,0.1286087164403892,0.3787,0.054222021930858726,0.1290892256620617,equilibrium_or_unknown,1.0
1fzpD_2frhA,S4PRED,91,0.07180312900487121,0.2574673596025923,0.06522451025068433,0.2233234385419453,equilibrium_or_unknown,1.0
1iytA_2naoF,AF2,13,0.08202409355230281,0.1785,0.08366732289601411,0.1642603592646247,oligomerization,1.0
1iytA_2naoF,AF3,13,0.14070330395406408,0.2872,0.13732134534604953,0.193211016702736,oligomerization,1.0
1iytA_2naoF,Boltz2,12,0.11717227668797096,0.1734,0.11629851583873607,0.1475357631520358,oligomerization,1.0
1iytA_2naoF,DDG,12,0.26850081033679424,0.5593,0.2635475999550174,0.4559260374237105,oligomerization,1.0
1iytA_2naoF,S4PRED,13,0.20030319516162215,0.5277326384749411,0.20552152870836526,0.4158786225151163,oligomerization,1.0
1jfkA_2nxqB,AF2,101,0.028151074333648683,0.2276,0.02789830310369076,0.2204956698607962,oligomerization,1.0
1jfkA_2nxqB,AF3,101,0.05968961722075622,0.4418,0.05998648352821731,0.4290941019378334,oligomerization,1.0
1jfkA_2nxqB,Boltz2,100,0.10097143175826089,0.5899,0.10031292280772662,0.570503623921676,oligomerization,1.0
1jfkA_2nxqB,CCMpred,22,0.03703508924652181,0.1395,0.02282876523749831,0.0811231106433179,oligomerization,1.0
1jfkA_2nxqB,DDG,100,2.7835718089590054,6.3431,2.7135441442961246,6.188317475640088,oligomerization,1.0
1jfkA_2nxqB,ESM,21,0.09440702380044158,0.1739,0.0943064203932528,0.1778833980911286,oligomerization,1.0
1jfkA_2nxqB,MSAT,22,0.1459828087637221,0.2886,0.13231445742737363,0.2669719752842122,oligomerization,1.0
1jfkA_2nxqB,S4PRED,101,0.007377019601993473,0.0324068510061353,0.007414033457113627,0.030974813913679,oligomerization,1.0
1mnmD_1mnmC,AF2,101,0.014730850969887303,0.0425,0.01383655830529558,0.0420889562412416,equilibrium_or_unknown,1.0
1mnmD_1mnmC,AF3,101,0.014541050461189226,0.0462,0.01457798379567959,0.0441761563920378,equilibrium_or_unknown,1.0
1mnmD_1mnmC,CCMpred,21,0.0041820933468664665,0.019,0.00028820935533191194,0.0006887665480316,equilibrium_or_unknown,1.0
1mnmD_1mnmC,DDG,100,0.8531009590395155,2.1265,0.8471016905657788,2.2725848919280365,equilibrium_or_unknown,1.0
1mnmD_1mnmC,ESM,20,0.016973756833789967,0.0484,0.016938826985279883,0.0453424408537237,equilibrium_or_unknown,1.0
1mnmD_1mnmC,MSAT,21,0.013945034958722765,0.0374,0.013530254939552977,0.0351705006589647,equilibrium_or_unknown,1.0
1mnmD_1mnmC,S4PRED,101,0.06833100678777197,0.2003622081028383,0.0683544373911717,0.1542546639254596,equilibrium_or_unknown,1.0
1nqjB_1nqdA,AF2,101,0.0435096963814725,0.1213,0.04125044921990742,0.0704582677996378,equilibrium_or_unknown,0.983
1nqjB_1nqdA,AF3,101,0.04349191919935891,0.1226,0.04059679096936923,0.0648241916346502,equilibrium_or_unknown,0.983
1nqjB_1nqdA,Boltz2,100,0.03991083496338741,0.1683,0.03922638088605581,0.1662042975847832,equilibrium_or_unknown,0.983
1nqjB_1nqdA,CCMpred,16,0.0032250000000000004,0.0129,0.0,0.0,equilibrium_or_unknown,0.983
1nqjB_1nqdA,DDG,100,1.1200638390946627,3.0105,1.113435367705107,2.98259772259909,equilibrium_or_unknown,0.983
1nqjB_1nqdA,ESM,15,0.020041865705377353,0.0499,0.01949846227916246,0.0453433097395909,equilibrium_or_unknown,0.983
1nqjB_1nqdA,MSAT,16,0.07711234985396308,0.2382,0.05023794041724443,0.1361865947276878,equilibrium_or_unknown,0.983
1nqjB_1nqdA,S4PRED,101,0.019849048976582462,0.0842530720642504,0.019887955683393986,0.0759364111636219,equilibrium_or_unknown,0.983
1nrjB_2gedB,AF2,101,0.08185336938213307,0.346,0.07447677742132482,0.2400574627186079,mutation,0.767
1nrjB_2gedB,AF3,101,0.08517110841659213,0.3026,0.08048803256703226,0.2822587912388586,mutation,0.767
1nrjB_2gedB,Boltz2,100,0.09394887077124407,0.2778,0.09392157713809,0.2409798319773264,mutation,0.767
1nrjB_2gedB,CCMpred,19,0.0002523573072576179,0.0011,0.0,0.0,mutation,0.767
1nrjB_2gedB,DDG,100,4.605204067718203,11.0609,4.436509343924561,10.205097369248971,mutation,0.767
1nrjB_2gedB,ESM,18,0.10122326016629188,0.2386,0.0988514898229078,0.1934547511005639,mutation,0.767
1nrjB_2gedB,MSAT,19,0.006206123178948408,0.016,0.005708327617949669,0.013472535989693,mutation,0.767
1nrjB_2gedB,S4PRED,101,0.009862438825949301,0.0161813500967515,0.009896826509539285,0.0175010395862089,mutation,0.767
1qb3A_3qy2A,AF2,101,0.028921277651412614,0.1817,0.022170088731310118,0.0855785474579983,ligand,0.983
1qb3A_3qy2A,AF3,101,0.036740428510412246,0.1781,0.03127073748552124,0.1009418560454357,ligand,0.983
1qb3A_3qy2A,Boltz2,100,0.03777609869114639,0.1224,0.03762884542292637,0.1113474311396514,ligand,0.983
1qb3A_3qy2A,CCMpred,21,0.0013093073414159543,0.006,0.0,0.0,ligand,0.983
1qb3A_3qy2A,DDG,100,1.6650386210860344,6.334,1.6599800967003742,5.826780614601603,ligand,0.983
1qb3A_3qy2A,ESM,20,0.014087560769027853,0.0299,0.013483410579045833,0.0333602380455677,ligand,0.983
1qb3A_3qy2A,MSAT,21,0.00166121011543364,0.007,0.0006003791302755588,0.0017065366184109,ligand,0.983
1qb3A_3qy2A,S4PRED,101,0.04268895629946134,0.0792968774824155,0.0411173888766491,0.0960772341702638,ligand,0.983
1rk4B_1k0nA,AF2,101,0.05221461595005637,0.1793,0.050597849607563895,0.1631192315643272,ligand,0.983
1rk4B_1k0nA,AF3,101,0.05238354272588722,0.1791,0.05052084537145295,0.1617388599889931,ligand,0.983
1rk4B_1k0nA,Boltz2,100,0.03813424287694696,0.1681,0.038133831092126584,0.1624118085965061,ligand,0.983
1rk4B_1k0nA,CCMpred,17,0.0,0.0,0.0,0.0,ligand,0.983
1rk4B_1k0nA,DDG,100,2.3653773451706313,8.6262,2.2757534032710183,8.10929802702818,ligand,0.983
1rk4B_1k0nA,ESM,16,0.031015627781276114,0.0766,0.027375840208815914,0.0588875311242926,ligand,0.983
1rk4B_1k0nA,MSAT,17,0.019918349875547064,0.0779,0.004135017570283157,0.0118176087316814,ligand,0.983
1rk4B_1k0nA,S4PRED,101,0.04110713589469939,0.1286612257434706,0.04075440363772218,0.1120384833088805,ligand,0.983
1svfC_4wsgC,AF2,5,0.1498200020024029,0.2431,0.14063384278296662,0.2035830749798175,protein_binding,0.984
1svfC_4wsgC,AF3,5,0.15246677342949183,0.3273,0.08193086842818162,0.1150861421522138,protein_binding,0.984
1svfC_4wsgC,S4PRED,5,0.30584033509641423,0.4324576756175443,0.2768088311310543,0.3791229397388347,protein_binding,0.984
1wp8C_5ejbC,AF2,16,0.15286223631645152,0.3357,0.15715487750230978,0.3111800808537376,mutation,0.472
1wp8C_5ejbC,AF3,16,0.2038069297766884,0.3311,0.2070661046660989,0.338393862277062,mutation,0.472
1wp8C_5ejbC,Boltz2,15,0.04485972528204951,0.1331,0.04317825605686624,0.1240179890325051,mutation,0.472
1wp8C_5ejbC,DDG,15,30.498067784872315,67.6236,26.05660178380822,50.93430027200476,mutation,0.472
1wp8C_5ejbC,S4PRED,16,0.23936697411210708,0.5769645227886279,0.23326066956083497,0.4743913779621876,mutation,0.472
1xezA_3o44A,AF2,8,0.04267501778391127,0.0918,0.02958530588332036,0.0445030206721169,ligand,1.0
1xezA_3o44A,AF3,8,0.09297430424585065,0.2579,0.027411552448757814,0.0414039112460377,ligand,1.0
1xezA_3o44A,Boltz2,7,0.034637764966936914,0.0516,0.0341579737065378,0.0455696793829128,ligand,1.0
1xezA_3o44A,DDG,7,13.548273516929154,25.0467,10.367418885203817,20.81073772680115,ligand,1.0
1xezA_3o44A,S4PRED,8,0.010031814438155854,0.0189077953470034,0.007113957964300972,0.0103534398043234,ligand,1.0
2kb8A_6vw2A,AF2,21,0.14188350821981358,0.3533,0.11381415331102238,0.2056406805744916,oligomerization,1.0
2kb8A_6vw2A,AF3,21,0.15639289778052734,0.4314,0.1277299021719009,0.2561544601154458,oligomerization,1.0
2kb8A_6vw2A,Boltz2,20,0.12783425947193047,0.2854,0.1233763225673422,0.2145113525058697,oligomerization,1.0
2kb8A_6vw2A,DDG,20,0.6643669043968812,1.6106,0.4193572789030139,0.9980317714470134,oligomerization,1.0
2kb8A_6vw2A,S4PRED,21,0.2033920486243497,0.3551000340950939,0.1888033491467688,0.3262568016772699,oligomerization,1.0
2kkwA_2n0aD,AF2,33,0.06685701046625438,0.21,0.05861259445877499,0.1398648523611044,oligomerization,1.0
2kkwA_2n0aD,AF3,33,0.03898975098430589,0.1345,0.03135070308192392,0.1129041836696838,oligomerization,1.0
2kkwA_2n0aD,Boltz2,32,0.06771071173655589,0.1206,0.06771044918052313,0.1227312040707803,oligomerization,1.0
2kkwA_2n0aD,DDG,32,1.9086984825815927,5.5229,1.6254002207964429,4.756338083936237,oligomerization,1.0
2kkwA_2n0aD,S4PRED,33,0.1772990648398975,0.6037358084228485,0.17872542544001604,0.5222763437654445,oligomerization,1.0
2lelA_2k0qA,AF2,21,0.10470853651468738,0.1491,0.08639214000988227,0.1498564021547535,ligand,1.0
2lelA_2k0qA,AF3,21,0.09498728060214419,0.1638,0.08607536950282835,0.1409654498452179,ligand,1.0
2lelA_2k0qA,Boltz2,20,0.09669065213621385,0.1789,0.08014280174188192,0.1538265774506206,ligand,1.0
2lelA_2k0qA,DDG,20,1.5769711348941913,4.2413,1.014913194961653,2.6242027559503693,ligand,1.0
2lelA_2k0qA,S4PRED,21,0.051622212885797325,0.1838778362931201,0.04894641482459772,0.1378505991236401,ligand,1.0
2lv1A_6lniA,AF2,27,0.138876069801578,0.3186,0.12442336730401551,0.2504456219081649,oligomerization,0.952
2lv1A_6lniA,AF3,27,0.1362338626320025,0.3207,0.12105617193554376,0.2835857691423624,oligomerization,0.952
2lv1A_6lniA,Boltz2,26,0.12972430203497545,0.2836,0.11077280153277025,0.2365273453269401,oligomerization,0.952
2lv1A_6lniA,DDG,26,4.440992744332666,9.5677,2.9351117071680783,7.390774395045539,oligomerization,0.952
2lv1A_6lniA,S4PRED,27,0.07875556796979584,0.1881123981977808,0.07983550641026581,0.1736899635545095,oligomerization,0.952
2mwfA_2nntA,AF2,101,0.06481380018984775,0.3922,0.05192278080220297,0.1905998640609928,mutation,0.875
2mwfA_2nntA,AF3,101,0.06586885211697499,0.3273,0.05751660039169046,0.1800492144164718,mutation,0.875
2mwfA_2nntA,Boltz2,100,0.06503882814647469,0.1757,0.06489582475545498,0.1736588898165506,mutation,0.875
2mwfA_2nntA,CCMpred,22,0.06297778365238199,0.2176,0.0463043059477753,0.1467361430157926,mutation,0.875
2mwfA_2nntA,DDG,100,0.5589211501607089,2.0093,0.5554191197611139,1.9311736848785568,mutation,0.875
2mwfA_2nntA,ESM,21,0.025563553855328602,0.0697,0.025506440475264996,0.0671343738952791,mutation,0.875
2mwfA_2nntA,MSAT,22,0.03381711572587639,0.0667,0.033239127303128446,0.0538167735747474,mutation,0.875
2mwfA_2nntA,S4PRED,101,0.007374187555791027,0.0511722012700789,0.007351680749854824,0.0495435857161173,mutation,0.875
2n54B_2hdmA,AF2,101,0.12910969755971233,0.4338,0.10619074978511832,0.3006400187325529,mutation,0.913
2n54B_2hdmA,AF3,101,0.15431712131417263,0.5432,0.11612218699852472,0.3738013000455913,mutation,0.913
2n54B_2hdmA,Boltz2,100,0.1501741014235938,0.3787,0.14686126318796192,0.3645565308215338,mutation,0.913
2n54B_2hdmA,CCMpred,22,0.032639399676700716,0.1533,0.003819497789488393,0.0114879714805056,mutation,0.913
2n54B_2hdmA,DDG,100,1.5382242209161612,3.5386,1.4799426155257114,3.7864218397913008,mutation,0.913
2n54B_2hdmA,ESM,21,0.01933343267626365,0.0362,0.019330246775527322,0.0355961263864676,mutation,0.913
2n54B_2hdmA,MSAT,22,0.09427334485305774,0.2524,0.09616249922843043,0.2123228847371085,mutation,0.913
2n54B_2hdmA,S4PRED,101,0.0890051461301341,0.2837986511039668,0.08223221601611756,0.2573637231571722,mutation,0.913
2namA_1uxmK,AF2,101,0.14802374780038266,0.8175,0.12357708243429417,0.3332710499284158,oligomerization,0.987
2namA_1uxmK,AF3,101,0.1711702082087236,0.8042,0.14146894410406546,0.4063371481830065,oligomerization,0.987
2namA_1uxmK,Boltz2,100,0.13341762965601772,0.3622,0.11731141103133884,0.298062577329913,oligomerization,0.987
2namA_1uxmK,CCMpred,22,0.051619783784146916,0.2166,0.02474816304833422,0.0992425695749461,oligomerization,0.987
2namA_1uxmK,DDG,100,7.12099290180907,17.292,4.3921974478466455,11.059603678221102,oligomerization,0.987
2namA_1uxmK,ESM,21,0.04749044465293342,0.0889,0.04645644275182899,0.0792460463253956,oligomerization,0.987
2namA_1uxmK,MSAT,22,0.15115755004320802,0.3326,0.13847328134604903,0.2811292832595433,oligomerization,0.987
2namA_1uxmK,S4PRED,101,0.060538028999158944,0.2125828787493948,0.05580126799678405,0.1785008500050556,oligomerization,0.987
2p3vD_2p3vA,AF2,101,0.01697619177344297,0.0356,0.0164809435085029,0.0352190036518283,equilibrium_or_unknown,1.0
2p3vD_2p3vA,AF3,101,0.019898470860200728,0.048,0.019947262933562224,0.0393607921743867,equilibrium_or_unknown,1.0
2p3vD_2p3vA,Boltz2,100,0.0,0.0,0.0,0.0,equilibrium_or_unknown,1.0
2p3vD_2p3vA,CCMpred,20,0.00034427651065600416,0.0015,0.00011615756299604223,0.0004433882398586,equilibrium_or_unknown,1.0
2p3vD_2p3vA,DDG,100,1.5513319064480162,3.7399,1.356608085013531,4.1899164046297965,equilibrium_or_unknown,1.0
2p3vD_2p3vA,ESM,19,0.011622510423226632,0.0442,0.01161983380844565,0.0388981566662201,equilibrium_or_unknown,1.0
2p3vD_2p3vA,MSAT,20,0.008183351198751356,0.0149,0.007816509054151514,0.0147924618569765,equilibrium_or_unknown,1.0
2p3vD_2p3vA,S4PRED,101,0.015165072512776072,0.0424740679951202,0.01470870509703245,0.0365212155667214,equilibrium_or_unknown,1.0
2pbkB_3njqA,AF2,17,0.03798760924146652,0.1196,0.026041693491908345,0.0607005372472159,protein_binding,0.99
2pbkB_3njqA,AF3,17,0.04873817880809061,0.1106,0.04248025748441416,0.0845922362426513,protein_binding,0.99
2pbkB_3njqA,Boltz2,16,0.035993193801050774,0.0813,0.03425742159541092,0.069338941405429,protein_binding,0.99
2pbkB_3njqA,DDG,16,7.591120682525517,15.9977,4.942600366392079,11.432916958757373,protein_binding,0.99
2pbkB_3njqA,S4PRED,17,0.04339379347601,0.0834130349366016,0.04371379763941109,0.0668094400770776,protein_binding,0.99
2vfxL_3gmhL,AF2,101,0.03934777417686123,0.2281,0.03137029125270882,0.0846102788315283,mutation,0.917
2vfxL_3gmhL,AF3,101,0.05122427209326792,0.2294,0.04485260349946568,0.1227731667521506,mutation,0.917
2vfxL_3gmhL,Boltz2,100,0.0131711706527414,0.062,0.013064072148503,0.0614651285843299,mutation,0.917
2vfxL_3gmhL,CCMpred,21,0.0,0.0,0.0,0.0,mutation,0.917
2vfxL_3gmhL,DDG,100,3.321424734355862,8.8087,2.58023218198245,8.365581812756501,mutation,0.917
2vfxL_3gmhL,ESM,20,0.04661903157792059,0.1583,0.045560081019281794,0.1550696837209028,mutation,0.917
2vfxL_3gmhL,MSAT,21,0.023958140082036335,0.1032,0.011179372427061319,0.0322041150079145,mutation,0.917
2vfxL_3gmhL,S4PRED,101,0.0045366921474163475,0.0204853458396365,0.00455075122747308,0.0199491769481559,mutation,0.917
2wcdX_4phqA,AF2,11,0.19797850801630876,0.3474,0.1736622013683512,0.3325905141741741,ligand,0.977
2wcdX_4phqA,AF3,11,0.2386763205682541,0.5467,0.18748963915051664,0.4304590947903645,ligand,0.977
2wcdX_4phqA,Boltz2,10,0.1362731819218701,0.1751,0.13417023771677314,0.193125982585547,ligand,0.977
2wcdX_4phqA,DDG,10,6.220015873363097,9.2317,3.5429014847007254,6.4048086769356605,ligand,0.977
2wcdX_4phqA,S4PRED,11,0.0227385643415141,0.0753355807863487,0.023259401851840122,0.0645481664949959,ligand,0.977
2z9oB_1repC,AF2,101,0.053307174224135875,0.2614,0.046751541932452075,0.1919745291884789,oligomerization,0.988
2z9oB_1repC,AF3,101,0.06998734625375906,0.3508,0.06072986945170496,0.230807965545065,oligomerization,0.988
2z9oB_1repC,CCMpred,17,0.0017220029377579642,0.0071,0.0,0.0,oligomerization,0.988
2z9oB_1repC,DDG,100,3.4788702129113434,12.3559,3.014607566283622,9.991739183988388,oligomerization,0.988
2z9oB_1repC,ESM,16,0.0707746067338656,0.2452,0.06793909968278103,0.2295666821726972,oligomerization,0.988
2z9oB_1repC,MSAT,17,0.006997189561867384,0.0127,0.0069027822915467656,0.0121900239004995,oligomerization,0.988
2z9oB_1repC,S4PRED,101,0.010443353211158373,0.0560273976108237,0.010347614804936572,0.0537330997007353,oligomerization,0.988
3g0hA_3ewsB,AF2,101,0.04535592999971022,0.136,0.04525053792590626,0.1214359824450197,ligand,1.0
3g0hA_3ewsB,AF3,101,0.0759601437310618,0.1902,0.06929452888245183,0.178435652019594,ligand,1.0
3g0hA_3ewsB,Boltz2,100,0.04209916397116108,0.1574,0.039537202247726756,0.1168062020627583,ligand,1.0
3g0hA_3ewsB,CCMpred,19,0.0037016354849117566,0.0159,0.0006248748442026232,0.0021072927534847,ligand,1.0
3g0hA_3ewsB,DDG,100,4.872480344493423,17.1691,2.764886068596503,7.862309648851495,ligand,1.0
3g0hA_3ewsB,ESM,18,0.027969958791017942,0.0703,0.027620010559558643,0.0688127607751096,ligand,1.0
3g0hA_3ewsB,MSAT,19,0.003021095421177499,0.0073,0.003077499248233768,0.0075837725931902,ligand,1.0
3g0hA_3ewsB,S4PRED,101,0.00617558121278984,0.0166509347071393,0.0053799482247497005,0.0142677350991012,ligand,1.0
3j7vG_3j7wB,AF2,64,0.015786185441507103,0.0419,0.015841571528298,0.040869488605673,equilibrium_or_unknown,1.0
3j7vG_3j7wB,AF3,64,0.03379014073825545,0.1061,0.03389537241903655,0.0985647728468153,equilibrium_or_unknown,1.0
3j7vG_3j7wB,Boltz2,63,0.019627167107967358,0.0672,0.01958668780220145,0.0680994598603358,equilibrium_or_unknown,1.0
3j7vG_3j7wB,CCMpred,6,0.0,0.0,0.0,0.0,equilibrium_or_unknown,1.0
3j7vG_3j7wB,DDG,63,2.854285601538684,8.3226,2.672182048609541,7.53304636401098,equilibrium_or_unknown,1.0
3j7vG_3j7wB,ESM,6,0.03177665809993241,0.064,0.030697441768112274,0.058369620486479,equilibrium_or_unknown,1.0
3j7vG_3j7wB,MSAT,6,0.007511236027889594,0.0147,0.0073998351817607675,0.0105042863639087,equilibrium_or_unknown,1.0
3j7vG_3j7wB,S4PRED,64,0.03817279944346532,0.1146490705007932,0.036849769165916396,0.0971004557372154,equilibrium_or_unknown,1.0
3kdsG_2ce7C,AF2,101,0.052198108004102226,0.2087,0.05170930420750994,0.2044439436325971,ligand,0.996
3kdsG_2ce7C,AF3,101,0.09501043477866883,0.3292,0.0942591867128893,0.3281347977334485,ligand,0.996
3kdsG_2ce7C,Boltz2,100,0.017089965482762697,0.058,0.017082842541684722,0.0546654422676235,ligand,0.996
3kdsG_2ce7C,CCMpred,20,0.04972146073774117,0.1966,0.027318961097559498,0.0945712583392037,ligand,0.996
3kdsG_2ce7C,DDG,100,2.971990350512497,7.709,2.905793466454873,6.503462502264094,ligand,0.996
3kdsG_2ce7C,ESM,19,0.11791407169669602,0.2808,0.1057294148880456,0.2117795231844615,ligand,0.996
3kdsG_2ce7C,MSAT,20,0.12153468900515173,0.3557,0.09864686135471316,0.2828358508201097,ligand,0.996
3kdsG_2ce7C,S4PRED,101,0.030761463703917854,0.0698168023715396,0.0304975351511491,0.052800155942508,ligand,0.996
3l9qB_4rr2D,AF2,100,0.12401191788198289,0.2897,0.12166000944442684,0.2691948262748919,protein_binding,0.99
3l9qB_4rr2D,AF3,100,0.1554904261530353,0.4564,0.13859981490302634,0.4105704386251912,protein_binding,0.99
3l9qB_4rr2D,Boltz2,99,0.06396799105499915,0.201,0.06370248980596811,0.1857640166662761,protein_binding,0.99
3l9qB_4rr2D,CCMpred,15,0.0016782927833565472,0.0065,0.0,0.0,protein_binding,0.99
3l9qB_4rr2D,DDG,99,13.21439120470642,35.4263,10.818056621484454,42.65363673411712,protein_binding,0.99
3l9qB_4rr2D,ESM,14,0.041861251720468125,0.0734,0.04080657711627718,0.0688417606248934,protein_binding,0.99
3l9qB_4rr2D,S4PRED,100,0.01177623808208398,0.0504115364343378,0.011714763924302252,0.0447286145700625,protein_binding,0.99
3lqcA_1xntA,AF2,88,0.04891546157544642,0.1208,0.04697800278553256,0.1100398039230072,protein_binding,0.989
3lqcA_1xntA,AF3,88,0.051426559303813346,0.1092,0.05001314523278191,0.108827456951833,protein_binding,0.989
3lqcA_1xntA,Boltz2,87,0.04403896876457979,0.1217,0.04375448975053207,0.1267697348711121,protein_binding,0.989
3lqcA_1xntA,CCMpred,12,0.0007216878364870322,0.0025,0.0,0.0,protein_binding,0.989
3lqcA_1xntA,DDG,87,5.005631505031574,13.5847,4.2181161798389395,10.4958459276648,protein_binding,0.989
3lqcA_1xntA,ESM,16,0.04553929027041741,0.1247,0.04471123815148779,0.1088368267033741,protein_binding,0.989
3lqcA_1xntA,MSAT,12,0.008802995357986237,0.0197,0.0076384703217296035,0.0192439352414589,protein_binding,0.989
3lqcA_1xntA,S4PRED,88,0.04943657848013511,0.1903144769908998,0.04462401818284707,0.1392333851809686,protein_binding,0.989
3m7pA_3ejhA,AF2,101,0.10018683144036147,0.547,0.08122887485552159,0.2433497274008352,mutation,0.914
3m7pA_3ejhA,AF3,101,0.1178943722151316,0.4092,0.10821594088705741,0.229678791350664,mutation,0.914
3m7pA_3ejhA,Boltz2,100,0.06454602519665226,0.1823,0.06415023158748674,0.1898504282564483,mutation,0.914
3m7pA_3ejhA,CCMpred,8,0.0,0.0,0.0,0.0,mutation,0.914
3m7pA_3ejhA,DDG,100,15.401522675977908,62.7554,8.085749015110245,19.363708094682387,mutation,0.914
3m7pA_3ejhA,ESM,7,0.14813810962682603,0.2188,0.14753166728583156,0.2367437541601762,mutation,0.914
3m7pA_3ejhA,S4PRED,101,0.0004779422085842044,0.0021383479112401,0.00037065236902716485,0.001599522905132,mutation,0.914
3meeA_4b3oB,AF2,101,0.03667639397824606,0.136,0.033790638164360697,0.0946810175097998,ligand,0.984
3meeA_4b3oB,AF3,101,0.07395841378975776,0.3632,0.06510286753552202,0.3106228145311071,ligand,0.984
3meeA_4b3oB,Boltz2,100,0.02009559728654588,0.0693,0.01923480482846688,0.0701047015092905,ligand,0.984
3meeA_4b3oB,CCMpred,11,0.0,0.0,0.0,0.0,ligand,0.984
3meeA_4b3oB,DDG,100,15.226182696730595,38.8322,10.657181911047518,33.02215369508846,ligand,0.984
3meeA_4b3oB,ESM,10,0.0883145646727273,0.2232,0.0882541874034796,0.2092721448504661,ligand,0.984
3meeA_4b3oB,MSAT,11,0.01609778076178656,0.0325,0.011652583123025433,0.0201923577951703,ligand,0.984
3meeA_4b3oB,S4PRED,101,0.01865245905647864,0.0359923399097538,0.018713008709790764,0.0327097698257909,ligand,0.984
3mkoA_5ineA,AF2,15,0.08362310172946912,0.1613,0.07988190718164696,0.1585834161746878,mutation,0.912
3mkoA_5ineA,AF3,15,0.0871805881626234,0.1931,0.09727348530467073,0.1661655367102656,mutation,0.912
3mkoA_5ineA,Boltz2,14,0.1905328913660518,0.5431,0.19573239903519835,0.48561200629547,mutation,0.912
3mkoA_5ineA,DDG,14,32.34427283771077,51.0793,16.866010642836287,25.18370989982069,mutation,0.912
3mkoA_5ineA,S4PRED,15,0.11003707409513794,0.3593860845114122,0.07422214787800051,0.1717195866510912,mutation,0.912
3t5oA_4a5wB,AF2,51,0.013947631747811131,0.0401,0.0128774875815534,0.0378956900213631,protein_binding,1.0
3t5oA_4a5wB,AF3,51,0.018735904715016995,0.0538,0.018143739347897675,0.0568673476253943,protein_binding,1.0
3t5oA_4a5wB,Boltz2,50,0.030437176851572118,0.0669,0.030033043176182866,0.0738395158865035,protein_binding,1.0
3t5oA_4a5wB,DDG,50,16.018508825855683,53.4539,9.304024089083125,27.69783950692342,protein_binding,1.0
3t5oA_4a5wB,S4PRED,51,0.02838787555324096,0.0605885046011993,0.02706193587048146,0.0522322117789197,protein_binding,1.0
3ztjE_5hmgA,AF2,48,0.015194189235521013,0.0561,0.014854410682190407,0.0526046250353063,ligand,1.0
3ztjE_5hmgA,AF3,48,0.007098411569394286,0.038,0.006695158465952171,0.0362678771679003,ligand,1.0
3ztjE_5hmgA,Boltz2,47,0.0037615391382054787,0.014,0.003698066112129963,0.0138245934913759,ligand,1.0
3ztjE_5hmgA,CCMpred,6,0.0,0.0,0.0,0.0,ligand,1.0
3ztjE_5hmgA,DDG,47,6.849444624875231,15.4274,3.644191702120864,8.917903798883057,ligand,1.0
3ztjE_5hmgA,ESM,6,0.001617405329532458,0.0018,0.001585733423070944,0.0018831540328154,ligand,1.0
3ztjE_5hmgA,MSAT,6,0.0008164965809277261,0.002,0.0,0.0,ligand,1.0
3ztjE_5hmgA,S4PRED,48,0.0013786495316293306,0.0049023390576354,0.0013910835443860104,0.0044972298580487,ligand,1.0
3zxgB_5ec5P,AF2,6,0.11759414384511954,0.2949,0.03139324819965964,0.0427628757694681,ligand,0.96
3zxgB_5ec5P,AF3,6,0.1571795618605252,0.2937,0.1373358522450357,0.2405798786717655,ligand,0.96
3zxgB_5ec5P,Boltz2,5,0.0034275355578024277,0.0066,0.0018711932376934731,0.0024162238367929,ligand,0.96
3zxgB_5ec5P,DDG,5,3.097075483096917,5.634,2.6839994454970064,4.4455962370783375,ligand,0.96
3zxgB_5ec5P,S4PRED,6,0.08828192200756399,0.2145489251992477,0.044001928323528824,0.0660963847137545,ligand,0.96
4h2aA_3j9cA,AF2,61,0.0486712229134497,0.1324,0.04741883801190207,0.1265419724085129,equilibrium_or_unknown,1.0
4h2aA_3j9cA,AF3,61,0.06219288439084056,0.1277,0.06251928242039234,0.1255158615936655,equilibrium_or_unknown,1.0
4h2aA_3j9cA,Boltz2,60,0.031071465418882907,0.0809,0.029425042611296005,0.0738798872830032,equilibrium_or_unknown,1.0
4h2aA_3j9cA,DDG,60,43.81335077797941,96.8644,37.714925552337355,61.4286125564628,equilibrium_or_unknown,1.0
4h2aA_3j9cA,S4PRED,61,0.017745385782014577,0.0606716954834185,0.01620971719918081,0.042932105379495,equilibrium_or_unknown,1.0
4o01D_4o0pA,AF2,101,0.031212970805975095,0.1226,0.029286348166370917,0.1196820724535598,oligomerization,1.0
4o01D_4o0pA,AF3,101,0.04884858257720463,0.1494,0.04688704013077378,0.1392298173001014,oligomerization,1.0
4o01D_4o0pA,Boltz2,100,0.012686879367315195,0.0461,0.012571880473445507,0.0445634414618814,oligomerization,1.0
4o01D_4o0pA,CCMpred,17,0.0002667891875399662,0.0011,0.0,0.0,oligomerization,1.0
4o01D_4o0pA,DDG,100,4.8792669610579535,16.8295,4.457332862138675,17.57807831848744,oligomerization,1.0
4o01D_4o0pA,ESM,16,0.036408661973034204,0.1157,0.03638905841267868,0.1130867898443531,oligomerization,1.0
4o01D_4o0pA,MSAT,17,0.005501009265687203,0.0213,0.005537267415961376,0.0195275243008831,oligomerization,1.0
4o01D_4o0pA,S4PRED,101,0.018021047630409244,0.0318997567212124,0.01790644877050596,0.0291401235969602,oligomerization,1.0
4pyjA_4pyiA,AF2,101,0.023580433195829344,0.0767,0.023077153995912744,0.0681166471294871,equilibrium_or_unknown,1.0
4pyjA_4pyiA,AF3,101,0.02500697463105083,0.0671,0.024184126382652972,0.049826684331059,equilibrium_or_unknown,1.0
4pyjA_4pyiA,Boltz2,100,0.021150411224122687,0.0692,0.019968350368260897,0.0577727661197789,equilibrium_or_unknown,1.0
4pyjA_4pyiA,CCMpred,20,0.006549204451486335,0.0296,0.0010862541588217399,0.0037415779790548,equilibrium_or_unknown,1.0
4pyjA_4pyiA,DDG,100,1.8881749258426264,4.8897,1.8667971680568896,4.887118397055329,equilibrium_or_unknown,1.0
4pyjA_4pyiA,ESM,19,0.016280589741750184,0.0445,0.016274414745759424,0.0413552869434846,equilibrium_or_unknown,1.0
4pyjA_4pyiA,MSAT,20,0.015369254168117933,0.036,0.015564744772783157,0.0312726024722853,equilibrium_or_unknown,1.0
4pyjA_4pyiA,S4PRED,101,0.0315470930183625,0.1122699486885961,0.030720251512960994,0.0996876520918163,equilibrium_or_unknown,1.0
4q79F_4uv2D,AF2,101,0.03746529694594085,0.1682,0.036076031930664464,0.155406273708224,ligand,0.996
4q79F_4uv2D,AF3,101,0.05733026203109886,0.2152,0.05591635153164414,0.2141911058020016,ligand,0.996
4q79F_4uv2D,Boltz2,100,0.02961589929259436,0.1568,0.029481481336539196,0.1505510205204299,ligand,0.996
4q79F_4uv2D,CCMpred,20,0.0006260990336999411,0.0028,0.0,0.0,ligand,0.996
4q79F_4uv2D,DDG,100,4.498851900709804,12.1473,4.1520861045631445,13.271781371285453,ligand,0.996
4q79F_4uv2D,ESM,19,0.04950225879423074,0.099,0.04835142144822944,0.0965340177753436,ligand,0.996
4q79F_4uv2D,MSAT,20,0.06663511224730193,0.2225,0.04717672750720667,0.1882780329180694,ligand,0.996
4q79F_4uv2D,S4PRED,101,0.05548295478908929,0.1926113763302457,0.050762386543348706,0.1357633604136557,ligand,0.996
4rwqB_4rwnA,AF2,97,0.019816337273526215,0.0475,0.019906972582756973,0.0468182325016685,ligand,1.0
4rwqB_4rwnA,AF3,97,0.026099198278360887,0.0733,0.026174872100406567,0.0682834971481856,ligand,1.0
4rwqB_4rwnA,Boltz2,96,0.019480498317368127,0.0512,0.019474772789897343,0.0529323126295306,ligand,1.0
4rwqB_4rwnA,CCMpred,12,0.0,0.0,0.0,0.0,ligand,1.0
4rwqB_4rwnA,DDG,96,3.632905131643988,10.155,3.3902782099919464,8.181373312389706,ligand,1.0
4rwqB_4rwnA,ESM,11,0.012769217246601652,0.0241,0.012418342182751027,0.0231217694562236,ligand,1.0
4rwqB_4rwnA,MSAT,12,0.0025435599009453204,0.0055,0.0023951540448417345,0.0050766063562935,ligand,1.0
4rwqB_4rwnA,S4PRED,97,0.011277117820718226,0.0188086805340743,0.011283624749588094,0.0200096406542932,ligand,1.0
4tsyD_3zwgN,AF2,35,0.028917870372673647,0.1351,0.017193052533101823,0.0550254351840641,ligand,1.0
4tsyD_3zwgN,AF3,35,0.03346665015009581,0.14,0.02411134332109802,0.0758985154282705,ligand,1.0
4tsyD_3zwgN,Boltz2,34,0.018328983360133284,0.0507,0.01817694298361255,0.05051218265346,ligand,1.0
4tsyD_3zwgN,DDG,34,3.657810940898707,9.1169,2.973730547536695,8.718355946407922,ligand,1.0
4tsyD_3zwgN,S4PRED,35,0.017165433863184754,0.0499599389473461,0.012032450348968169,0.0301947652138801,ligand,1.0
4xwsD_4y0mJ,AF2,101,0.0170857336702146,0.0577,0.016949384300540108,0.0562257386164437,ligand,0.991
4xwsD_4y0mJ,AF3,101,0.032815659356622735,0.0624,0.03241086248072014,0.0614519351327578,ligand,0.991
4xwsD_4y0mJ,Boltz2,100,0.01669012564180971,0.0445,0.016340017406864568,0.0439497911475593,ligand,0.991
4xwsD_4y0mJ,CCMpred,21,0.030421688691740025,0.1395,0.004573660999482971,0.0157723540614525,ligand,0.991
4xwsD_4y0mJ,DDG,100,2.7125703241424324,8.2291,2.077525365260557,7.071271239000506,ligand,0.991
4xwsD_4y0mJ,ESM,20,0.009697102117317535,0.0219,0.009697069700574386,0.0205188557710826,ligand,0.991
4xwsD_4y0mJ,MSAT,21,0.07035113563912301,0.2783,0.03951321854550923,0.1624627730720625,ligand,0.991
4xwsD_4y0mJ,S4PRED,101,0.00811399200588595,0.0282676375474096,0.0079260676709956,0.0258531058558155,ligand,0.991
4yhdG_7ahlE,AF2,16,0.04834570258392501,0.1804,0.018773424530154,0.0482606542390836,oligomerization,0.986
4yhdG_7ahlE,AF3,16,0.055850717691598786,0.1941,0.031014581693327877,0.0944878117864696,oligomerization,0.986
4yhdG_7ahlE,Boltz2,15,0.039674349396051856,0.115,0.03963701985533247,0.1136559168034404,oligomerization,0.986
4yhdG_7ahlE,DDG,15,3.3104458684306444,6.7865,2.8485888821686034,6.120328214182383,oligomerization,0.986
4yhdG_7ahlE,S4PRED,16,0.003872008616877974,0.009672211345184,0.003852989418283842,0.0095081217554937,oligomerization,0.986
4zrbH_4zrbC,AF2,101,0.018057003523221225,0.0752,0.01626452058369167,0.0411248919340152,equilibrium_or_unknown,1.0
4zrbH_4zrbC,AF3,101,0.020343590909402128,0.0988,0.01866868314217145,0.0951071157785252,equilibrium_or_unknown,1.0
4zrbH_4zrbC,Boltz2,100,0.0,0.0,0.0,0.0,equilibrium_or_unknown,1.0
4zrbH_4zrbC,CCMpred,22,0.002665008954445131,0.0125,0.0,0.0,equilibrium_or_unknown,1.0
4zrbH_4zrbC,DDG,100,1.1703411116215285,5.0122,1.1323894465871887,4.851964548386693,equilibrium_or_unknown,1.0
4zrbH_4zrbC,ESM,21,0.01387875732052062,0.0406,0.013803175054198957,0.0367076363744212,equilibrium_or_unknown,1.0
4zrbH_4zrbC,MSAT,22,0.014083102920833458,0.0408,0.011700702404598692,0.0304360721426187,equilibrium_or_unknown,1.0
4zrbH_4zrbC,S4PRED,101,0.03770650933831529,0.0885720647905436,0.037694833620197786,0.0778818004084281,equilibrium_or_unknown,1.0
5hk5H_4jphB,AF2,94,0.023121648396492764,0.0784,0.02100451498470512,0.0610812624206089,protein_binding,1.0
5hk5H_4jphB,AF3,94,0.038023123766658166,0.2548,0.025486318325521385,0.0948661688940252,protein_binding,1.0
5hk5H_4jphB,Boltz2,93,0.02652976910757717,0.104,0.026520952113461213,0.1040736812649108,protein_binding,1.0
5hk5H_4jphB,CCMpred,17,0.0,0.0,0.0,0.0,protein_binding,1.0
5hk5H_4jphB,DDG,93,2.2889922295127,6.0584,2.2172799337048503,6.006040241024488,protein_binding,1.0
5hk5H_4jphB,ESM,15,0.03473116070345941,0.067,0.032312882169111996,0.0595615061412576,protein_binding,1.0
5hk5H_4jphB,MSAT,13,0.009525418087600657,0.0293,0.009063867110165713,0.0266585208595215,protein_binding,1.0
5hk5H_4jphB,S4PRED,94,0.009396979838889211,0.0263157303379544,0.008881477886115013,0.0245731558988431,protein_binding,1.0
5i2sA_5i2mA,AF2,7,0.060992782555065676,0.1455,0.01885375000518141,0.0305281105226005,ligand,1.0
5i2sA_5i2mA,AF3,7,0.07789722777633422,0.1022,0.06870046146328798,0.0798107895340938,ligand,1.0
5i2sA_5i2mA,Boltz2,6,0.01766714464762204,0.0379,0.0172309289916913,0.0277387608355802,ligand,1.0
5i2sA_5i2mA,DDG,6,4.2286931270783885,6.8354,2.4886010667317198,3.064568891920566,ligand,1.0
5i2sA_5i2mA,S4PRED,7,0.00962963321709997,0.016156849812387,0.01049713607401888,0.0152307346547334,ligand,1.0
5jytA_2qkeE,AF2,23,0.09987682097258067,0.2774,0.07673787197503432,0.1859329992359064,mutation,0.84
5jytA_2qkeE,AF3,23,0.08989929148049862,0.3094,0.05804896007399605,0.1588058352203567,mutation,0.84
5jytA_2qkeE,Boltz2,100,0.19245714677414408,0.4425,0.16555540197663074,0.4417222671587946,mutation,0.84
5jytA_2qkeE,CCMpred,31,0.017077898689707525,0.0716,0.017077898689707525,0.0716,mutation,0.84
5jytA_2qkeE,DDG,100,2.8310667575101065,5.7232,2.6468877444429193,5.317445530301742,mutation,0.84
5jytA_2qkeE,ESM,22,0.019466501363231022,0.0524,0.01939867831106078,0.0502540992413924,mutation,0.84
5jytA_2qkeE,MSAT,23,0.06764822256209159,0.185,0.05997613271846382,0.1543654583020791,mutation,0.84
5jytA_2qkeE,S4PRED,101,0.04275669976216287,0.0650888488495536,0.04176819705661343,0.0861421527330911,mutation,0.84
5jztG_5jzhA,AF2,18,0.0767649889559802,0.2845,0.045955728559453526,0.0899258444314718,oligomerization,0.995
5jztG_5jzhA,AF3,18,0.10171591622936443,0.3408,0.06607960997012487,0.1858817245143729,oligomerization,0.995
5jztG_5jzhA,Boltz2,17,0.030766138758668547,0.0857,0.032286610246627837,0.0742913213342472,oligomerization,0.995
5jztG_5jzhA,DDG,17,14.86342138588595,35.747,12.206399874584529,22.94976714184844,oligomerization,0.995
5jztG_5jzhA,S4PRED,18,0.010378765232426573,0.0353166841086943,0.00783578523516809,0.0190468740694757,oligomerization,0.995
5l35G_5l35D,AF2,14,0.009137728214555132,0.0163,0.008462177275786088,0.0128101812096138,equilibrium_or_unknown,1.0
5l35G_5l35D,AF3,14,0.009555221229634233,0.0251,0.005694302525422543,0.0104120178459964,equilibrium_or_unknown,1.0
5l35G_5l35D,Boltz2,13,0.0,0.0,0.0,0.0,equilibrium_or_unknown,1.0
5l35G_5l35D,DDG,13,1.725049718198409,3.6418,0.9428227236227587,2.1339825246534283,equilibrium_or_unknown,1.0
5l35G_5l35D,S4PRED,14,0.009341467150866943,0.0164140058195985,0.00810359497898577,0.0144539197289436,equilibrium_or_unknown,1.0
5tpnA_1g2cF,AF2,5,0.22817628053765798,0.4744,0.08595365414474145,0.0982476788637193,mutation,0.814
5tpnA_1g2cF,AF3,5,0.09759825818117861,0.1702,0.05144467737835873,0.05880285361464,mutation,0.814
5tpnA_1g2cF,S4PRED,5,0.30555138642919183,0.447874658454036,0.2764855256662083,0.3160314870427427,mutation,0.814
