fold_pair,model,cluster_num,name,TMscore_fold1,TMscore_fold2,TMdiff
2qqjA_4qdsA,esm2,ShallowMsa_000,ShallowMsa_000__sample_001,0.9660078233014873,0.51894784730631,0.4470599759951772
2qqjA_4qdsA,esm2,ShallowMsa_000,ShallowMsa_000__sample_002,0.6178515578250658,0.5343531322344459,0.08349842559061993
2qqjA_4qdsA,esm2,ShallowMsa_000,ShallowMsa_000__sample_003,0.5897428332552,0.5250645660146119,0.06467826724058812
2qqjA_4qdsA,esm2,ShallowMsa_000,ShallowMsa_000__sample_004,0.6015962885398325,0.5913135130279266,0.010282775511905928
2qqjA_4qdsA,esm2,ShallowMsa_000,ShallowMsa_000__sample_005,0.6390872394861916,0.5131057268210574,0.12598151266513424
2qqjA_4qdsA,esm2,ShallowMsa_000,ShallowMsa_000__sample_006,0.49695517906567543,0.49482594061081087,0.002129238454864568
2qqjA_4qdsA,esm2,ShallowMsa_000,ShallowMsa_000__sample_007,0.5607328021548471,0.5552165506355599,0.005516251519287252
2qqjA_4qdsA,esm2,ShallowMsa_000,ShallowMsa_000__sample_008,0.7373571011435414,0.5818905150022528,0.1554665861412886
2qqjA_4qdsA,esm2,ShallowMsa_000,ShallowMsa_000__sample_009,0.5737129331926505,0.5031415390455127,0.07057139414713776
2qqjA_4qdsA,esm2,ShallowMsa_000,ShallowMsa_000__sample_010,0.5334483750788542,0.4537311648677473,0.07971721021110695
2qqjA_4qdsA,esm2,ShallowMsa_001,ShallowMsa_001__sample_001,0.9660078233014873,0.51894784730631,0.4470599759951772
2qqjA_4qdsA,esm2,ShallowMsa_001,ShallowMsa_001__sample_002,0.5703266521405002,0.47437447820842205,0.09595217393207811
2qqjA_4qdsA,esm2,ShallowMsa_001,ShallowMsa_001__sample_003,0.5267354859253528,0.41747699491377327,0.10925849101157953
2qqjA_4qdsA,esm2,ShallowMsa_001,ShallowMsa_001__sample_004,0.5170664656670765,0.4570851367287768,0.05998132893829966
2qqjA_4qdsA,esm2,ShallowMsa_001,ShallowMsa_001__sample_005,0.6151690159918984,0.4885432620028284,0.12662575398907006
2qqjA_4qdsA,esm2,ShallowMsa_001,ShallowMsa_001__sample_006,0.6841461570055104,0.5187689335242971,0.1653772234812133
2qqjA_4qdsA,esm2,ShallowMsa_001,ShallowMsa_001__sample_007,0.5400294937316813,0.5627522925324054,-0.022722798800724142
2qqjA_4qdsA,esm2,ShallowMsa_001,ShallowMsa_001__sample_008,0.5053942362407203,0.5994530815160471,-0.09405884527532682
2qqjA_4qdsA,esm2,ShallowMsa_001,ShallowMsa_001__sample_009,0.5537344764959632,0.4811436318254201,0.07259084467054311
2qqjA_4qdsA,esm2,ShallowMsa_001,ShallowMsa_001__sample_010,0.48494226070384117,0.4888900132900435,-0.0039477525862023355
2qqjA_4qdsA,esm2,ShallowMsa_002,ShallowMsa_002__sample_001,0.9660078233014873,0.51894784730631,0.4470599759951772
2qqjA_4qdsA,esm2,ShallowMsa_002,ShallowMsa_002__sample_002,0.5660209303454897,0.5440240349027438,0.021996895442745967
2qqjA_4qdsA,esm2,ShallowMsa_002,ShallowMsa_002__sample_003,0.7322435578914276,0.49736702996617566,0.23487652792525193
2qqjA_4qdsA,esm2,ShallowMsa_002,ShallowMsa_002__sample_004,0.5375311296739017,0.46044090678454447,0.07709022288935724
2qqjA_4qdsA,esm2,ShallowMsa_002,ShallowMsa_002__sample_005,0.640934712538609,0.5040570675042756,0.13687764503433342
2qqjA_4qdsA,esm2,ShallowMsa_002,ShallowMsa_002__sample_006,0.5388251414470315,0.4717400397837486,0.06708510166328291
2qqjA_4qdsA,esm2,ShallowMsa_002,ShallowMsa_002__sample_007,0.5273111241837974,0.46248797971207267,0.06482314447172477
2qqjA_4qdsA,esm2,ShallowMsa_002,ShallowMsa_002__sample_008,0.5666381320281402,0.49255207309084453,0.07408605893729564
2qqjA_4qdsA,esm2,ShallowMsa_002,ShallowMsa_002__sample_009,0.5355756242008888,0.5058665996616354,0.029709024539253392
2qqjA_4qdsA,esm2,ShallowMsa_002,ShallowMsa_002__sample_010,0.5728784681166773,0.5432355581900615,0.02964290992661578
2qqjA_4qdsA,esm2,ShallowMsa_003,ShallowMsa_003__sample_001,0.9660078233014873,0.51894784730631,0.4470599759951772
2qqjA_4qdsA,esm2,ShallowMsa_003,ShallowMsa_003__sample_002,0.5768222810074393,0.4653899187455496,0.11143236226188968
2qqjA_4qdsA,esm2,ShallowMsa_003,ShallowMsa_003__sample_003,0.5569039550052548,0.4705820883434393,0.08632186666181552
2qqjA_4qdsA,esm2,ShallowMsa_003,ShallowMsa_003__sample_004,0.5322551040034179,0.535602703086438,-0.0033475990830200697
2qqjA_4qdsA,esm2,ShallowMsa_003,ShallowMsa_003__sample_005,0.5753738929708357,0.5413580065142248,0.03401588645661091
2qqjA_4qdsA,esm2,ShallowMsa_003,ShallowMsa_003__sample_006,0.5478501103635235,0.6581710537423782,-0.11032094337885467
2qqjA_4qdsA,esm2,ShallowMsa_003,ShallowMsa_003__sample_007,0.5853195701447498,0.5316182603436957,0.05370130980105403
2qqjA_4qdsA,esm2,ShallowMsa_003,ShallowMsa_003__sample_008,0.5554792675221207,0.5362115461350073,0.019267721387113412
2qqjA_4qdsA,esm2,ShallowMsa_003,ShallowMsa_003__sample_009,0.6849336636086653,0.49495522786381996,0.1899784357448453
2qqjA_4qdsA,esm2,ShallowMsa_003,ShallowMsa_003__sample_010,0.5478325261570727,0.5697142256953505,-0.021881699538277788
2qqjA_4qdsA,esm2,ShallowMsa_004,ShallowMsa_004__sample_001,0.9660078233014873,0.51894784730631,0.4470599759951772
2qqjA_4qdsA,esm2,ShallowMsa_004,ShallowMsa_004__sample_002,0.5391608925424644,0.5469540107948362,-0.007793118252371833
2qqjA_4qdsA,esm2,ShallowMsa_004,ShallowMsa_004__sample_003,0.5165746802906378,0.4511630228732118,0.065411657417426
2qqjA_4qdsA,esm2,ShallowMsa_004,ShallowMsa_004__sample_004,0.5056528838543768,0.42604205841358134,0.07961082544079545
2qqjA_4qdsA,esm2,ShallowMsa_004,ShallowMsa_004__sample_005,0.4843556472953043,0.4237529503897363,0.060602696905567965
2qqjA_4qdsA,esm2,ShallowMsa_004,ShallowMsa_004__sample_006,0.5729557974565095,0.5073056956542988,0.06565010180221065
2qqjA_4qdsA,esm2,ShallowMsa_004,ShallowMsa_004__sample_007,0.49479919718848864,0.43264274138436726,0.06215645580412138
2qqjA_4qdsA,esm2,ShallowMsa_004,ShallowMsa_004__sample_008,0.5738661999587459,0.5358146382638937,0.03805156169485213
2qqjA_4qdsA,esm2,ShallowMsa_004,ShallowMsa_004__sample_009,0.4929586038218865,0.4218865853964676,0.07107201842541888
2qqjA_4qdsA,esm2,ShallowMsa_004,ShallowMsa_004__sample_010,0.5642599312453598,0.6246544744605198,-0.060394543215160024
2qqjA_4qdsA,esm2,ShallowMsa_005,ShallowMsa_005__sample_001,0.9660078233014873,0.51894784730631,0.4470599759951772
2qqjA_4qdsA,esm2,ShallowMsa_005,ShallowMsa_005__sample_002,0.9535400144879109,0.5131403124373428,0.4403997020505681
2qqjA_4qdsA,esm2,ShallowMsa_005,ShallowMsa_005__sample_003,0.9575190997597541,0.5119342366114422,0.4455848631483119
2qqjA_4qdsA,esm2,ShallowMsa_005,ShallowMsa_005__sample_004,0.9488749633329971,0.5676643097838311,0.38121065354916606
2qqjA_4qdsA,esm2,ShallowMsa_005,ShallowMsa_005__sample_005,0.944749769443366,0.5106350123755272,0.43411475706783875
2qqjA_4qdsA,esm2,ShallowMsa_005,ShallowMsa_005__sample_006,0.9482554856997317,0.50850480566209,0.43975068003764173
2qqjA_4qdsA,esm2,ShallowMsa_005,ShallowMsa_005__sample_007,0.9605204274115524,0.5124710811987523,0.4480493462128001
2qqjA_4qdsA,esm2,ShallowMsa_005,ShallowMsa_005__sample_008,0.9500189142932043,0.5080456085242392,0.4419733057689651
2qqjA_4qdsA,esm2,ShallowMsa_005,ShallowMsa_005__sample_009,0.9582025680803843,0.5114036216058657,0.44679894647451857
2qqjA_4qdsA,esm2,ShallowMsa_005,ShallowMsa_005__sample_010,0.9566924460816727,0.5085315518886322,0.4481608941930405
2qqjA_4qdsA,esm2,ShallowMsa_006,ShallowMsa_006__sample_001,0.9660078233014873,0.51894784730631,0.4470599759951772
2qqjA_4qdsA,esm2,ShallowMsa_006,ShallowMsa_006__sample_002,0.9725282609589787,0.5129402185680394,0.4595880423909393
2qqjA_4qdsA,esm2,ShallowMsa_006,ShallowMsa_006__sample_003,0.9662324603474469,0.5096796600631011,0.45655280028434586
2qqjA_4qdsA,esm2,ShallowMsa_006,ShallowMsa_006__sample_004,0.9687953077619813,0.5197439283894535,0.4490513793725278
2qqjA_4qdsA,esm2,ShallowMsa_006,ShallowMsa_006__sample_005,0.9719885623605682,0.5304697820272353,0.4415187803333329
2qqjA_4qdsA,esm2,ShallowMsa_006,ShallowMsa_006__sample_006,0.918574531400568,0.5798806752841352,0.33869385611643277
2qqjA_4qdsA,esm2,ShallowMsa_006,ShallowMsa_006__sample_007,0.9627722408010325,0.5123297354181574,0.4504425053828751
2qqjA_4qdsA,esm2,ShallowMsa_006,ShallowMsa_006__sample_008,0.9645941991470398,0.5131351116829908,0.45145908746404906
2qqjA_4qdsA,esm2,ShallowMsa_006,ShallowMsa_006__sample_009,0.9289180613590073,0.4848503139206378,0.4440677474383695
2qqjA_4qdsA,esm2,ShallowMsa_006,ShallowMsa_006__sample_010,0.9639380343594607,0.5158098672375538,0.44812816712190684
2qqjA_4qdsA,esm2,ShallowMsa_007,ShallowMsa_007__sample_001,0.9660078233014873,0.51894784730631,0.4470599759951772
2qqjA_4qdsA,esm2,ShallowMsa_007,ShallowMsa_007__sample_002,0.5068130629313155,0.4408969741109604,0.06591608882035505
2qqjA_4qdsA,esm2,ShallowMsa_007,ShallowMsa_007__sample_003,0.4945181750409102,0.44208959348854077,0.05242858155236946
2qqjA_4qdsA,esm2,ShallowMsa_007,ShallowMsa_007__sample_004,0.5231742353734792,0.48281529954703106,0.04035893582644812
2qqjA_4qdsA,esm2,ShallowMsa_007,ShallowMsa_007__sample_005,0.5427443351904266,0.4603866720246808,0.08235766316574583
2qqjA_4qdsA,esm2,ShallowMsa_007,ShallowMsa_007__sample_006,0.519926689486901,0.49518039997763236,0.02474628950926866
2qqjA_4qdsA,esm2,ShallowMsa_007,ShallowMsa_007__sample_007,0.510767526226305,0.47275459376440804,0.03801293246189691
2qqjA_4qdsA,esm2,ShallowMsa_007,ShallowMsa_007__sample_008,0.4865758367515283,0.4527312501629097,0.03384458658861861
2qqjA_4qdsA,esm2,ShallowMsa_007,ShallowMsa_007__sample_009,0.5470025810758328,0.48801015338872744,0.05899242768710533
2qqjA_4qdsA,esm2,ShallowMsa_007,ShallowMsa_007__sample_010,0.5181891405260608,0.44558859417650515,0.07260054634955565
2qqjA_4qdsA,esm2,ShallowMsa_008,ShallowMsa_008__sample_001,0.9660078233014873,0.51894784730631,0.4470599759951772
2qqjA_4qdsA,esm2,ShallowMsa_008,ShallowMsa_008__sample_002,0.5226113031765723,0.47205997781351766,0.05055132536305468
2qqjA_4qdsA,esm2,ShallowMsa_008,ShallowMsa_008__sample_003,0.4814709353223201,0.424671943026423,0.05679899229589708
2qqjA_4qdsA,esm2,ShallowMsa_008,ShallowMsa_008__sample_004,0.5220737668581313,0.4534326797145446,0.06864108714358674
2qqjA_4qdsA,esm2,ShallowMsa_008,ShallowMsa_008__sample_005,0.5213523066017874,0.5117117547427009,0.009640551859086521
2qqjA_4qdsA,esm2,ShallowMsa_008,ShallowMsa_008__sample_006,0.4636672814475498,0.538531695933301,-0.07486441448575115
2qqjA_4qdsA,esm2,ShallowMsa_008,ShallowMsa_008__sample_007,0.5022466663963195,0.43508520563393493,0.0671614607623846
2qqjA_4qdsA,esm2,ShallowMsa_008,ShallowMsa_008__sample_008,0.5059685189053147,0.4480278372960563,0.057940681609258415
2qqjA_4qdsA,esm2,ShallowMsa_008,ShallowMsa_008__sample_009,0.4997258014154348,0.518466905364625,-0.018741103949190208
2qqjA_4qdsA,esm2,ShallowMsa_008,ShallowMsa_008__sample_010,0.4938182931958468,0.5559485861384038,-0.06213029294255701
2qqjA_4qdsA,esm2,ShallowMsa_009,ShallowMsa_009__sample_001,0.9660078233014873,0.51894784730631,0.4470599759951772
2qqjA_4qdsA,esm2,ShallowMsa_009,ShallowMsa_009__sample_002,0.9585927272072606,0.5582348431035843,0.40035788410367634
2qqjA_4qdsA,esm2,ShallowMsa_009,ShallowMsa_009__sample_003,0.9608204174792617,0.5582144371104696,0.40260598036879214
2qqjA_4qdsA,esm2,ShallowMsa_009,ShallowMsa_009__sample_004,0.9655181635972848,0.5197632129561128,0.445754950641172
2qqjA_4qdsA,esm2,ShallowMsa_009,ShallowMsa_009__sample_005,0.9677362866817723,0.5189474271608838,0.44878885952088843
2qqjA_4qdsA,esm2,ShallowMsa_009,ShallowMsa_009__sample_006,0.9681699061679896,0.5191977690662954,0.44897213710169415
2qqjA_4qdsA,esm2,ShallowMsa_009,ShallowMsa_009__sample_007,0.9665176421355638,0.518836048322443,0.4476815938131208
2qqjA_4qdsA,esm2,ShallowMsa_009,ShallowMsa_009__sample_008,0.9704806849592911,0.5197554484396539,0.45072523651963714
2qqjA_4qdsA,esm2,ShallowMsa_009,ShallowMsa_009__sample_009,0.9614356481679689,0.5136392216468463,0.4477964265211226
2qqjA_4qdsA,esm2,ShallowMsa_009,ShallowMsa_009__sample_010,0.9646945150753717,0.5111963022976996,0.4534982127776721
2qqjA_4qdsA,esm2,ShallowMsa_010,ShallowMsa_010__sample_001,0.9660078233014873,0.51894784730631,0.4470599759951772
2qqjA_4qdsA,esm2,ShallowMsa_010,ShallowMsa_010__sample_002,0.9578609502036264,0.5189962210108687,0.43886472919275765
2qqjA_4qdsA,esm2,ShallowMsa_010,ShallowMsa_010__sample_003,0.9578609502036264,0.5189962210108687,0.43886472919275765
2qqjA_4qdsA,esm2,ShallowMsa_010,ShallowMsa_010__sample_004,0.9582178675420047,0.5192218685292702,0.43899599901273445
2qqjA_4qdsA,esm2,ShallowMsa_010,ShallowMsa_010__sample_005,0.956807475830228,0.5192800783239914,0.4375273975062366
2qqjA_4qdsA,esm2,ShallowMsa_010,ShallowMsa_010__sample_006,0.9581751064353589,0.5193392820771915,0.43883582435816737
2qqjA_4qdsA,esm2,ShallowMsa_010,ShallowMsa_010__sample_007,0.9568174683045153,0.5187074229371839,0.43811004536733145
2qqjA_4qdsA,esm2,ShallowMsa_010,ShallowMsa_010__sample_008,0.956807475830228,0.5192800783239914,0.4375273975062366
2qqjA_4qdsA,esm2,ShallowMsa_010,ShallowMsa_010__sample_009,0.9575928583235511,0.5182101955696968,0.4393826627538543
2qqjA_4qdsA,esm2,ShallowMsa_010,ShallowMsa_010__sample_010,0.9508788465728156,0.5114248043036832,0.4394540422691324
2qqjA_4qdsA,esm2,ShallowMsa_011,ShallowMsa_011__sample_001,0.9660078233014873,0.51894784730631,0.4470599759951772
2qqjA_4qdsA,esm2,ShallowMsa_011,ShallowMsa_011__sample_002,0.9605685985462603,0.5193164307930878,0.44125216775317255
2qqjA_4qdsA,esm2,ShallowMsa_011,ShallowMsa_011__sample_003,0.9615256839571532,0.5266484357597827,0.4348772481973705
2qqjA_4qdsA,esm2,ShallowMsa_011,ShallowMsa_011__sample_004,0.9599302093973273,0.518973851374265,0.4409563580230623
2qqjA_4qdsA,esm2,ShallowMsa_011,ShallowMsa_011__sample_005,0.9501513004773182,0.5198841278244203,0.43026717265289793
2qqjA_4qdsA,esm2,ShallowMsa_011,ShallowMsa_011__sample_006,0.9605967653466587,0.5279098962411208,0.4326868691055379
2qqjA_4qdsA,esm2,ShallowMsa_011,ShallowMsa_011__sample_007,0.9622673820705777,0.5193850182525016,0.4428823638180761
2qqjA_4qdsA,esm2,ShallowMsa_011,ShallowMsa_011__sample_008,0.9598256436568597,0.5174227973941913,0.44240284626266846
2qqjA_4qdsA,esm2,ShallowMsa_011,ShallowMsa_011__sample_009,0.9606482802200755,0.5194951231787213,0.44115315704135427
2qqjA_4qdsA,esm2,ShallowMsa_011,ShallowMsa_011__sample_010,0.9631097122040696,0.5189776171688487,0.4441320950352209
2qqjA_4qdsA,esm2,ShallowMsa_012,ShallowMsa_012__sample_001,0.9660078233014873,0.51894784730631,0.4470599759951772
2qqjA_4qdsA,esm2,ShallowMsa_012,ShallowMsa_012__sample_002,0.5255295146997959,0.45580050692411417,0.06972900777568175
2qqjA_4qdsA,esm2,ShallowMsa_012,ShallowMsa_012__sample_003,0.5453155285332509,0.46124187802424527,0.08407365050900567
2qqjA_4qdsA,esm2,ShallowMsa_012,ShallowMsa_012__sample_004,0.5726740801228729,0.5078112088213955,0.06486287130147739
2qqjA_4qdsA,esm2,ShallowMsa_012,ShallowMsa_012__sample_005,0.5390673131733352,0.45902871939885787,0.08003859377447736
2qqjA_4qdsA,esm2,ShallowMsa_012,ShallowMsa_012__sample_006,0.4898512236137741,0.4331014232067523,0.05674980040702177
2qqjA_4qdsA,esm2,ShallowMsa_012,ShallowMsa_012__sample_007,0.4486817918741651,0.43684397987960905,0.01183781199455608
2qqjA_4qdsA,esm2,ShallowMsa_012,ShallowMsa_012__sample_008,0.486450324252959,0.44217310932344556,0.04427721492951342
2qqjA_4qdsA,esm2,ShallowMsa_012,ShallowMsa_012__sample_009,0.5051409694846333,0.42854902575854514,0.07659194372608813
2qqjA_4qdsA,esm2,ShallowMsa_012,ShallowMsa_012__sample_010,0.5050064478921932,0.5098668913333612,-0.004860443441167983
2qqjA_4qdsA,esm2,ShallowMsa_013,ShallowMsa_013__sample_001,0.9660078233014873,0.51894784730631,0.4470599759951772
2qqjA_4qdsA,esm2,ShallowMsa_013,ShallowMsa_013__sample_002,0.5128479320972716,0.4457567332127627,0.06709119888450893
2qqjA_4qdsA,esm2,ShallowMsa_013,ShallowMsa_013__sample_003,0.5475932492433003,0.4705921015835316,0.07700114765976873
2qqjA_4qdsA,esm2,ShallowMsa_013,ShallowMsa_013__sample_004,0.5348595294243559,0.4631650546125833,0.0716944748117726
2qqjA_4qdsA,esm2,ShallowMsa_013,ShallowMsa_013__sample_005,0.5777001227825175,0.46910698629024267,0.10859313649227481
2qqjA_4qdsA,esm2,ShallowMsa_013,ShallowMsa_013__sample_006,0.5320847069614314,0.47364479812039795,0.05843990884103345
2qqjA_4qdsA,esm2,ShallowMsa_013,ShallowMsa_013__sample_007,0.5357340709234998,0.457955325706299,0.0777787452172008
2qqjA_4qdsA,esm2,ShallowMsa_013,ShallowMsa_013__sample_008,0.5397453183330891,0.4648055967295949,0.07493972160349421
2qqjA_4qdsA,esm2,ShallowMsa_013,ShallowMsa_013__sample_009,0.4759703137702829,0.46711941535775015,0.008850898412532782
2qqjA_4qdsA,esm2,ShallowMsa_013,ShallowMsa_013__sample_010,0.5485153974873694,0.47150306888826904,0.0770123285991004
2qqjA_4qdsA,esm2,ShallowMsa_014,ShallowMsa_014__sample_001,0.9660078233014873,0.51894784730631,0.4470599759951772
2qqjA_4qdsA,esm2,ShallowMsa_014,ShallowMsa_014__sample_002,0.349406004703059,0.32721724835817473,0.022188756344884264
2qqjA_4qdsA,esm2,ShallowMsa_014,ShallowMsa_014__sample_003,0.4328056707365128,0.32812051175317986,0.10468515898333297
2qqjA_4qdsA,esm2,ShallowMsa_014,ShallowMsa_014__sample_004,0.4811741942854747,0.3523690884280716,0.12880510585740312
2qqjA_4qdsA,esm2,ShallowMsa_014,ShallowMsa_014__sample_005,0.4010857694981257,0.36540684728051437,0.03567892221761132
2qqjA_4qdsA,esm2,ShallowMsa_014,ShallowMsa_014__sample_006,0.4668230531254682,0.4087307936733864,0.058092259452081796
2qqjA_4qdsA,esm2,ShallowMsa_014,ShallowMsa_014__sample_007,0.36399770693497796,0.33115885478249774,0.032838852152480225
2qqjA_4qdsA,esm2,ShallowMsa_014,ShallowMsa_014__sample_008,0.47457311559129456,0.3517459918922648,0.12282712369902976
2qqjA_4qdsA,esm2,ShallowMsa_014,ShallowMsa_014__sample_009,0.5081727425425674,0.40184081805920535,0.10633192448336204
2qqjA_4qdsA,esm2,ShallowMsa_014,ShallowMsa_014__sample_010,0.4484114516144166,0.34457627193356255,0.10383517968085404
2qqjA_4qdsA,esm2,ShallowMsa_015,ShallowMsa_015__sample_001,0.9660078233014873,0.51894784730631,0.4470599759951772
2qqjA_4qdsA,esm2,ShallowMsa_015,ShallowMsa_015__sample_002,0.43434569647609633,0.3653997900756382,0.06894590640045811
2qqjA_4qdsA,esm2,ShallowMsa_015,ShallowMsa_015__sample_003,0.4932399880723802,0.43321878654665436,0.06002120152572582
2qqjA_4qdsA,esm2,ShallowMsa_015,ShallowMsa_015__sample_004,0.5594103237166341,0.38836862126988136,0.17104170244675276
2qqjA_4qdsA,esm2,ShallowMsa_015,ShallowMsa_015__sample_005,0.4378319845725384,0.5219497775500795,-0.08411779297754113
2qqjA_4qdsA,esm2,ShallowMsa_015,ShallowMsa_015__sample_006,0.433577065671704,0.3716576167982843,0.061919448873419713
2qqjA_4qdsA,esm2,ShallowMsa_015,ShallowMsa_015__sample_007,0.4623001362575396,0.4099339227994279,0.052366213458111655
2qqjA_4qdsA,esm2,ShallowMsa_015,ShallowMsa_015__sample_008,0.4703727150656152,0.42609270150876943,0.04428001355684574
2qqjA_4qdsA,esm2,ShallowMsa_015,ShallowMsa_015__sample_009,0.5363662177215401,0.4082527791081321,0.12811343861340801
2qqjA_4qdsA,esm2,ShallowMsa_015,ShallowMsa_015__sample_010,0.4633246670357818,0.4067528215096911,0.05657184552609068
2qqjA_4qdsA,esm2,ShallowMsa_016,ShallowMsa_016__sample_001,0.9660078233014873,0.51894784730631,0.4470599759951772
2qqjA_4qdsA,esm2,ShallowMsa_016,ShallowMsa_016__sample_002,0.4660219144890952,0.35285410126782846,0.11316781322126673
2qqjA_4qdsA,esm2,ShallowMsa_016,ShallowMsa_016__sample_003,0.5201716826761663,0.39511477085429175,0.12505691182187456
2qqjA_4qdsA,esm2,ShallowMsa_016,ShallowMsa_016__sample_004,0.44113158547621717,0.42403222316812317,0.017099362308094
2qqjA_4qdsA,esm2,ShallowMsa_016,ShallowMsa_016__sample_005,0.4464567597313903,0.3019873791239141,0.14446938060747622
2qqjA_4qdsA,esm2,ShallowMsa_016,ShallowMsa_016__sample_006,0.4801010611147512,0.38158196017251206,0.09851910094223915
2qqjA_4qdsA,esm2,ShallowMsa_016,ShallowMsa_016__sample_007,0.48141743086049454,0.3941811027951794,0.08723632806531512
2qqjA_4qdsA,esm2,ShallowMsa_016,ShallowMsa_016__sample_008,0.4573454842469307,0.3540030529963786,0.10334243125055215
2qqjA_4qdsA,esm2,ShallowMsa_016,ShallowMsa_016__sample_009,0.41835401984186354,0.36264169519042005,0.05571232465144349
2qqjA_4qdsA,esm2,ShallowMsa_016,ShallowMsa_016__sample_010,0.46608292075258945,0.362771946450969,0.10331097430162045
2qqjA_4qdsA,esm2,ShallowMsa_017,ShallowMsa_017__sample_001,0.9660078233014873,0.51894784730631,0.4470599759951772
2qqjA_4qdsA,esm2,ShallowMsa_017,ShallowMsa_017__sample_002,0.4059002345961788,0.3075204810641732,0.09837975353200562
2qqjA_4qdsA,esm2,ShallowMsa_017,ShallowMsa_017__sample_003,0.4546680371792032,0.3180779608612941,0.1365900763179091
2qqjA_4qdsA,esm2,ShallowMsa_017,ShallowMsa_017__sample_004,0.4608767888172828,0.3164704533276185,0.1444063354896643
2qqjA_4qdsA,esm2,ShallowMsa_017,ShallowMsa_017__sample_005,0.4783686187291241,0.3797838792835029,0.09858473944562124
2qqjA_4qdsA,esm2,ShallowMsa_017,ShallowMsa_017__sample_006,0.3985543171208293,0.4292533879646708,-0.03069907084384149
2qqjA_4qdsA,esm2,ShallowMsa_017,ShallowMsa_017__sample_007,0.43062086544942607,0.29960909679483194,0.13101176865459413
2qqjA_4qdsA,esm2,ShallowMsa_017,ShallowMsa_017__sample_008,0.5421162821270483,0.344405651752005,0.19771063037504333
2qqjA_4qdsA,esm2,ShallowMsa_017,ShallowMsa_017__sample_009,0.47919787302645345,0.3510858468744784,0.12811202615197503
2qqjA_4qdsA,esm2,ShallowMsa_017,ShallowMsa_017__sample_010,0.4682505466356237,0.33897180824623885,0.12927873838938486
2qqjA_4qdsA,esm2,ShallowMsa_018,ShallowMsa_018__sample_001,0.9660078233014873,0.51894784730631,0.4470599759951772
2qqjA_4qdsA,esm2,ShallowMsa_018,ShallowMsa_018__sample_002,0.49902806685985435,0.35739907954716543,0.14162898731268891
2qqjA_4qdsA,esm2,ShallowMsa_018,ShallowMsa_018__sample_003,0.49066041571836705,0.35375851666251373,0.13690189905585332
2qqjA_4qdsA,esm2,ShallowMsa_018,ShallowMsa_018__sample_004,0.4934540176926248,0.3570658156588338,0.13638820203379104
2qqjA_4qdsA,esm2,ShallowMsa_018,ShallowMsa_018__sample_005,0.48512740558107836,0.3593222268210783,0.12580517876000008
2qqjA_4qdsA,esm2,ShallowMsa_018,ShallowMsa_018__sample_006,0.4931177217834694,0.35811350405273157,0.13500421773073784
2qqjA_4qdsA,esm2,ShallowMsa_018,ShallowMsa_018__sample_007,0.48297585595899684,0.3604946091245415,0.12248124683445533
2qqjA_4qdsA,esm2,ShallowMsa_018,ShallowMsa_018__sample_008,0.48969366601827513,0.356329199482717,0.1333644665355581
2qqjA_4qdsA,esm2,ShallowMsa_018,ShallowMsa_018__sample_009,0.4856187248093496,0.355535198888953,0.13008352592039657
2qqjA_4qdsA,esm2,ShallowMsa_018,ShallowMsa_018__sample_010,0.49677995502824257,0.35446297823230294,0.14231697679593963
2qqjA_4qdsA,esm2,ShallowMsa_019,ShallowMsa_019__sample_001,0.9660078233014873,0.51894784730631,0.4470599759951772
2qqjA_4qdsA,esm2,ShallowMsa_019,ShallowMsa_019__sample_002,0.49207134174853334,0.388637925882088,0.10343341586644533
2qqjA_4qdsA,esm2,ShallowMsa_019,ShallowMsa_019__sample_003,0.4854724006847293,0.4045849123544281,0.08088748833030118
2qqjA_4qdsA,esm2,ShallowMsa_019,ShallowMsa_019__sample_004,0.4401309188401046,0.39481997948608666,0.04531093935401792
2qqjA_4qdsA,esm2,ShallowMsa_019,ShallowMsa_019__sample_005,0.47823775662785684,0.39951546628541335,0.07872229034244349
2qqjA_4qdsA,esm2,ShallowMsa_019,ShallowMsa_019__sample_006,0.48802291145706167,0.39759212650691417,0.0904307849501475
2qqjA_4qdsA,esm2,ShallowMsa_019,ShallowMsa_019__sample_007,0.47539159429438443,0.4037829127402425,0.07160868155414196
2qqjA_4qdsA,esm2,ShallowMsa_019,ShallowMsa_019__sample_008,0.49478057193791014,0.39696055140502473,0.09782002053288541
2qqjA_4qdsA,esm2,ShallowMsa_019,ShallowMsa_019__sample_009,0.4909501243033163,0.40900446924318423,0.08194565506013207
2qqjA_4qdsA,esm2,ShallowMsa_019,ShallowMsa_019__sample_010,0.48561063352853584,0.4051690404780374,0.08044159305049842
2qqjA_4qdsA,esm2,ShallowMsa_020,ShallowMsa_020__sample_001,0.9660078233014873,0.51894784730631,0.4470599759951772
2qqjA_4qdsA,esm2,ShallowMsa_020,ShallowMsa_020__sample_002,0.46484246540811747,0.37097326038757766,0.0938692050205398
2qqjA_4qdsA,esm2,ShallowMsa_020,ShallowMsa_020__sample_003,0.45154969262210526,0.38758988043585646,0.0639598121862488
2qqjA_4qdsA,esm2,ShallowMsa_020,ShallowMsa_020__sample_004,0.4855425892971656,0.4268923613041098,0.058650227993055803
2qqjA_4qdsA,esm2,ShallowMsa_020,ShallowMsa_020__sample_005,0.4790402346275624,0.3714452403061493,0.10759499432141312
2qqjA_4qdsA,esm2,ShallowMsa_020,ShallowMsa_020__sample_006,0.45353084796702187,0.3689602915313322,0.08457055643568967
2qqjA_4qdsA,esm2,ShallowMsa_020,ShallowMsa_020__sample_007,0.4994965125592005,0.3497079517795489,0.14978856077965164
2qqjA_4qdsA,esm2,ShallowMsa_020,ShallowMsa_020__sample_008,0.46597177087663344,0.4056675991671471,0.06030417170948632
2qqjA_4qdsA,esm2,ShallowMsa_020,ShallowMsa_020__sample_009,0.5395312648896708,0.45253303429440594,0.0869982305952649
2qqjA_4qdsA,esm2,ShallowMsa_020,ShallowMsa_020__sample_010,0.49327303290858987,0.3345218996410973,0.15875113326749257
2qqjA_4qdsA,esm2,ShallowMsa_021,ShallowMsa_021__sample_001,0.9660078233014873,0.51894784730631,0.4470599759951772
2qqjA_4qdsA,esm2,ShallowMsa_021,ShallowMsa_021__sample_002,0.4880080389301806,0.3666249802491385,0.1213830586810421
2qqjA_4qdsA,esm2,ShallowMsa_021,ShallowMsa_021__sample_003,0.42413802052784116,0.38370564249351896,0.0404323780343222
2qqjA_4qdsA,esm2,ShallowMsa_021,ShallowMsa_021__sample_004,0.4463376468919348,0.39804513473866515,0.04829251215326963
2qqjA_4qdsA,esm2,ShallowMsa_021,ShallowMsa_021__sample_005,0.445897967431839,0.3957099219921349,0.05018804543970412
2qqjA_4qdsA,esm2,ShallowMsa_021,ShallowMsa_021__sample_006,0.46361360583580064,0.3968769220101793,0.06673668382562131
2qqjA_4qdsA,esm2,ShallowMsa_021,ShallowMsa_021__sample_007,0.45771767327655244,0.39187337379057957,0.06584429948597287
2qqjA_4qdsA,esm2,ShallowMsa_021,ShallowMsa_021__sample_008,0.4804435158181908,0.365388527509525,0.11505498830866578
2qqjA_4qdsA,esm2,ShallowMsa_021,ShallowMsa_021__sample_009,0.5195757533114544,0.42530255476296186,0.09427319854849259
2qqjA_4qdsA,esm2,ShallowMsa_021,ShallowMsa_021__sample_010,0.427284001464761,0.3842550070511897,0.043028994413571275
2qqjA_4qdsA,esm2,ShallowMsa_022,ShallowMsa_022__sample_001,0.9660078233014873,0.51894784730631,0.4470599759951772
2qqjA_4qdsA,esm2,ShallowMsa_022,ShallowMsa_022__sample_002,0.4902937205460565,0.34573573600400054,0.14455798454205598
2qqjA_4qdsA,esm2,ShallowMsa_022,ShallowMsa_022__sample_003,0.4547765451640207,0.3893850544905173,0.06539149067350342
2qqjA_4qdsA,esm2,ShallowMsa_022,ShallowMsa_022__sample_004,0.49129958215255676,0.36052056532498544,0.13077901682757131
2qqjA_4qdsA,esm2,ShallowMsa_022,ShallowMsa_022__sample_005,0.4742340512365875,0.36451138169741626,0.10972266953917126
2qqjA_4qdsA,esm2,ShallowMsa_022,ShallowMsa_022__sample_006,0.4955919592113242,0.36520882413265665,0.13038313507866756
2qqjA_4qdsA,esm2,ShallowMsa_022,ShallowMsa_022__sample_007,0.46195402430761795,0.3866449140211556,0.07530911028646237
2qqjA_4qdsA,esm2,ShallowMsa_022,ShallowMsa_022__sample_008,0.47544190942660125,0.3626886673740413,0.11275324205255993
2qqjA_4qdsA,esm2,ShallowMsa_022,ShallowMsa_022__sample_009,0.48318410413328655,0.3415772264684212,0.14160687766486535
2qqjA_4qdsA,esm2,ShallowMsa_022,ShallowMsa_022__sample_010,0.531088824116964,0.40931827784701574,0.12177054626994827
2qqjA_4qdsA,esm2,ShallowMsa_023,ShallowMsa_023__sample_001,0.9660078233014873,0.51894784730631,0.4470599759951772
2qqjA_4qdsA,esm2,ShallowMsa_023,ShallowMsa_023__sample_002,0.9551230955600644,0.5188707195313521,0.43625237602871225
2qqjA_4qdsA,esm2,ShallowMsa_023,ShallowMsa_023__sample_003,0.9539174479039517,0.5188545639607384,0.43506288394321335
2qqjA_4qdsA,esm2,ShallowMsa_023,ShallowMsa_023__sample_004,0.953267705635337,0.5184642534897662,0.4348034521455708
2qqjA_4qdsA,esm2,ShallowMsa_023,ShallowMsa_023__sample_005,0.9590256292189141,0.519689472022564,0.4393361571963501
2qqjA_4qdsA,esm2,ShallowMsa_023,ShallowMsa_023__sample_006,0.9532232121905965,0.5193170082496873,0.4339062039409092
2qqjA_4qdsA,esm2,ShallowMsa_023,ShallowMsa_023__sample_007,0.9566194816535988,0.5192621190277197,0.4373573626258791
2qqjA_4qdsA,esm2,ShallowMsa_023,ShallowMsa_023__sample_008,0.9550232048447146,0.5189617290836445,0.4360614757610701
2qqjA_4qdsA,esm2,ShallowMsa_023,ShallowMsa_023__sample_009,0.9547834350914283,0.5191976629018676,0.4355857721895606
2qqjA_4qdsA,esm2,ShallowMsa_023,ShallowMsa_023__sample_010,0.9569820130327404,0.519362404702134,0.4376196083306064
2qqjA_4qdsA,esm2,ShallowMsa_024,ShallowMsa_024__sample_001,0.9660078233014873,0.51894784730631,0.4470599759951772
2qqjA_4qdsA,esm2,ShallowMsa_024,ShallowMsa_024__sample_002,0.9540464451929161,0.5198063114850973,0.4342401337078189
2qqjA_4qdsA,esm2,ShallowMsa_024,ShallowMsa_024__sample_003,0.9555432354959942,0.5197400099524212,0.435803225543573
2qqjA_4qdsA,esm2,ShallowMsa_024,ShallowMsa_024__sample_004,0.9394996006182476,0.508468591146612,0.43103100947163553
2qqjA_4qdsA,esm2,ShallowMsa_024,ShallowMsa_024__sample_005,0.9559744852943696,0.5363883053951439,0.41958617989922564
2qqjA_4qdsA,esm2,ShallowMsa_024,ShallowMsa_024__sample_006,0.95269016156869,0.5444619656931067,0.40822819587558334
2qqjA_4qdsA,esm2,ShallowMsa_024,ShallowMsa_024__sample_007,0.9565689043021267,0.5195058379716676,0.4370630663304591
2qqjA_4qdsA,esm2,ShallowMsa_024,ShallowMsa_024__sample_008,0.9556935046148063,0.518648712057194,0.4370447925576123
2qqjA_4qdsA,esm2,ShallowMsa_024,ShallowMsa_024__sample_009,0.9558185279422013,0.5190110113683047,0.4368075165738966
2qqjA_4qdsA,esm2,ShallowMsa_024,ShallowMsa_024__sample_010,0.954632422828448,0.5375517742939193,0.41708064853452864
2qqjA_4qdsA,esm2,ShallowMsa_025,ShallowMsa_025__sample_001,0.9660078233014873,0.51894784730631,0.4470599759951772
2qqjA_4qdsA,esm2,ShallowMsa_025,ShallowMsa_025__sample_002,0.9529252080074511,0.5147192050538826,0.4382060029535685
2qqjA_4qdsA,esm2,ShallowMsa_025,ShallowMsa_025__sample_003,0.9551080977195866,0.5195254022228983,0.43558269549668827
2qqjA_4qdsA,esm2,ShallowMsa_025,ShallowMsa_025__sample_004,0.9555501752851593,0.5197180531747656,0.4358321221103937
2qqjA_4qdsA,esm2,ShallowMsa_025,ShallowMsa_025__sample_005,0.9551080977195866,0.5195254022228983,0.43558269549668827
2qqjA_4qdsA,esm2,ShallowMsa_025,ShallowMsa_025__sample_006,0.9554939030325204,0.5196623408050206,0.43583156222749975
2qqjA_4qdsA,esm2,ShallowMsa_025,ShallowMsa_025__sample_007,0.9529252080074511,0.5147192050538826,0.4382060029535685
2qqjA_4qdsA,esm2,ShallowMsa_025,ShallowMsa_025__sample_008,0.9554939030325204,0.5196623408050206,0.43583156222749975
2qqjA_4qdsA,esm2,ShallowMsa_025,ShallowMsa_025__sample_009,0.9555501752851593,0.5197180531747656,0.4358321221103937
2qqjA_4qdsA,esm2,ShallowMsa_025,ShallowMsa_025__sample_010,0.9551080977195866,0.5195254022228983,0.43558269549668827
2qqjA_4qdsA,esm3,ShallowMsa_000,ShallowMsa_000__sample_001,0.9659510670379771,0.5189391757631168,0.4470118912748603
2qqjA_4qdsA,esm3,ShallowMsa_000,ShallowMsa_000__sample_002,0.6149918217898018,0.5376320186198351,0.07735980316996671
2qqjA_4qdsA,esm3,ShallowMsa_000,ShallowMsa_000__sample_003,0.5911823653285709,0.5287941465544405,0.06238821877413048
2qqjA_4qdsA,esm3,ShallowMsa_000,ShallowMsa_000__sample_004,0.6011457261661343,0.5926967669976316,0.008448959168502634
2qqjA_4qdsA,esm3,ShallowMsa_000,ShallowMsa_000__sample_005,0.639196415915148,0.5128207997222669,0.12637561619288107
2qqjA_4qdsA,esm3,ShallowMsa_000,ShallowMsa_000__sample_006,0.4970797451478674,0.49411106132179744,0.002968683826069962
2qqjA_4qdsA,esm3,ShallowMsa_000,ShallowMsa_000__sample_007,0.5606781806132403,0.5551936622662417,0.00548451834699859
2qqjA_4qdsA,esm3,ShallowMsa_000,ShallowMsa_000__sample_008,0.7372591563432573,0.581908097456597,0.15535105888666034
2qqjA_4qdsA,esm3,ShallowMsa_000,ShallowMsa_000__sample_009,0.5734547101487828,0.5029826066221625,0.07047210352662026
2qqjA_4qdsA,esm3,ShallowMsa_000,ShallowMsa_000__sample_010,0.5334458593907824,0.45371813383072784,0.07972772556005453
2qqjA_4qdsA,esm3,ShallowMsa_001,ShallowMsa_001__sample_001,0.9659510670379771,0.5189391757631168,0.4470118912748603
2qqjA_4qdsA,esm3,ShallowMsa_001,ShallowMsa_001__sample_002,0.5703433230302425,0.47505195294634994,0.09529137008389255
2qqjA_4qdsA,esm3,ShallowMsa_001,ShallowMsa_001__sample_003,0.5260679259039777,0.4174875619570869,0.10858036394689075
2qqjA_4qdsA,esm3,ShallowMsa_001,ShallowMsa_001__sample_004,0.5170796328242534,0.4570839128876194,0.059995719936633995
2qqjA_4qdsA,esm3,ShallowMsa_001,ShallowMsa_001__sample_005,0.6168668996600332,0.4889257517662935,0.12794114789373967
2qqjA_4qdsA,esm3,ShallowMsa_001,ShallowMsa_001__sample_006,0.6841437847927205,0.5191457395105572,0.16499804528216333
2qqjA_4qdsA,esm3,ShallowMsa_001,ShallowMsa_001__sample_007,0.5417097371537992,0.5626243809329373,-0.020914643779138098
2qqjA_4qdsA,esm3,ShallowMsa_001,ShallowMsa_001__sample_008,0.5052631275018579,0.5996034734627841,-0.09434034596092622
2qqjA_4qdsA,esm3,ShallowMsa_001,ShallowMsa_001__sample_009,0.5665102011898339,0.4811954407179685,0.08531476047186537
2qqjA_4qdsA,esm3,ShallowMsa_001,ShallowMsa_001__sample_010,0.4847480174519889,0.490807529339899,-0.006059511887910096
2qqjA_4qdsA,esm3,ShallowMsa_002,ShallowMsa_002__sample_001,0.9659510670379771,0.5189391757631168,0.4470118912748603
2qqjA_4qdsA,esm3,ShallowMsa_002,ShallowMsa_002__sample_002,0.5659818914211466,0.5433493213277028,0.022632570093443882
2qqjA_4qdsA,esm3,ShallowMsa_002,ShallowMsa_002__sample_003,0.7323874241342606,0.49731740799382795,0.23507001614043266
2qqjA_4qdsA,esm3,ShallowMsa_002,ShallowMsa_002__sample_004,0.5379511559324501,0.46040372584867606,0.07754743008377407
2qqjA_4qdsA,esm3,ShallowMsa_002,ShallowMsa_002__sample_005,0.6399197624440114,0.5042118319194959,0.13570793052451546
2qqjA_4qdsA,esm3,ShallowMsa_002,ShallowMsa_002__sample_006,0.5388067492848636,0.4717185993392017,0.06708814994566192
2qqjA_4qdsA,esm3,ShallowMsa_002,ShallowMsa_002__sample_007,0.5335516063881124,0.4620867015198945,0.07146490486821788
2qqjA_4qdsA,esm3,ShallowMsa_002,ShallowMsa_002__sample_008,0.5712226354424677,0.49342635313707317,0.07779628230539448
2qqjA_4qdsA,esm3,ShallowMsa_002,ShallowMsa_002__sample_009,0.535591116240411,0.5057430630044665,0.029848053235944527
2qqjA_4qdsA,esm3,ShallowMsa_002,ShallowMsa_002__sample_010,0.574185183705995,0.5435769778733014,0.030608205832693636
2qqjA_4qdsA,esm3,ShallowMsa_003,ShallowMsa_003__sample_001,0.9659510670379771,0.5189391757631168,0.4470118912748603
2qqjA_4qdsA,esm3,ShallowMsa_003,ShallowMsa_003__sample_002,0.5654906770456946,0.46246466989268586,0.10302600715300869
2qqjA_4qdsA,esm3,ShallowMsa_003,ShallowMsa_003__sample_003,0.555825450391825,0.47178897894628563,0.08403647144553933
2qqjA_4qdsA,esm3,ShallowMsa_003,ShallowMsa_003__sample_004,0.5324258191452087,0.5348129216055858,-0.0023871024603770996
2qqjA_4qdsA,esm3,ShallowMsa_003,ShallowMsa_003__sample_005,0.5752162009629114,0.5396733410609891,0.0355428599019223
2qqjA_4qdsA,esm3,ShallowMsa_003,ShallowMsa_003__sample_006,0.5492081942355939,0.6587596516844721,-0.10955145744887829
2qqjA_4qdsA,esm3,ShallowMsa_003,ShallowMsa_003__sample_007,0.5834417364906718,0.5328548147999547,0.0505869216907171
2qqjA_4qdsA,esm3,ShallowMsa_003,ShallowMsa_003__sample_008,0.5546736064486613,0.5358126353737576,0.0188609710749037
2qqjA_4qdsA,esm3,ShallowMsa_003,ShallowMsa_003__sample_009,0.6848840818910076,0.4956860860723751,0.1891979958186325
2qqjA_4qdsA,esm3,ShallowMsa_003,ShallowMsa_003__sample_010,0.547332130485032,0.5624014406745995,-0.015069310189567475
2qqjA_4qdsA,esm3,ShallowMsa_004,ShallowMsa_004__sample_001,0.9659510670379771,0.5189391757631168,0.4470118912748603
2qqjA_4qdsA,esm3,ShallowMsa_004,ShallowMsa_004__sample_002,0.5391512985050545,0.5466510684560856,-0.007499769951031077
2qqjA_4qdsA,esm3,ShallowMsa_004,ShallowMsa_004__sample_003,0.5153518468250664,0.4481371246062439,0.06721472221882252
2qqjA_4qdsA,esm3,ShallowMsa_004,ShallowMsa_004__sample_004,0.5055463103257686,0.4259993649178702,0.07954694540789836
2qqjA_4qdsA,esm3,ShallowMsa_004,ShallowMsa_004__sample_005,0.48424775471729165,0.4237970044652617,0.06045075025202995
2qqjA_4qdsA,esm3,ShallowMsa_004,ShallowMsa_004__sample_006,0.572861800388754,0.5085847481073175,0.06427705228143654
2qqjA_4qdsA,esm3,ShallowMsa_004,ShallowMsa_004__sample_007,0.4947413917116911,0.4326745627544874,0.062066828957203724
2qqjA_4qdsA,esm3,ShallowMsa_004,ShallowMsa_004__sample_008,0.5738772228414185,0.5359665622830848,0.0379106605583337
2qqjA_4qdsA,esm3,ShallowMsa_004,ShallowMsa_004__sample_009,0.4929941161294699,0.42188811771310836,0.07110599841636156
2qqjA_4qdsA,esm3,ShallowMsa_004,ShallowMsa_004__sample_010,0.5642330320819756,0.624065850893058,-0.05983281881108238
2qqjA_4qdsA,esm3,ShallowMsa_005,ShallowMsa_005__sample_001,0.9659510670379771,0.5189391757631168,0.4470118912748603
2qqjA_4qdsA,esm3,ShallowMsa_005,ShallowMsa_005__sample_002,0.9538340740192605,0.5132726139343841,0.4405614600848764
2qqjA_4qdsA,esm3,ShallowMsa_005,ShallowMsa_005__sample_003,0.9573535333817599,0.5118990927426438,0.4454544406391161
2qqjA_4qdsA,esm3,ShallowMsa_005,ShallowMsa_005__sample_004,0.9490378679160291,0.5688962559165056,0.38014161199952345
2qqjA_4qdsA,esm3,ShallowMsa_005,ShallowMsa_005__sample_005,0.9447511735365429,0.5108864479314114,0.43386472560513156
2qqjA_4qdsA,esm3,ShallowMsa_005,ShallowMsa_005__sample_006,0.9482189802932515,0.509008148214375,0.43921083207887646
2qqjA_4qdsA,esm3,ShallowMsa_005,ShallowMsa_005__sample_007,0.9604697181244002,0.5127269299140241,0.44774278821037605
2qqjA_4qdsA,esm3,ShallowMsa_005,ShallowMsa_005__sample_008,0.9500843118067712,0.5080877321667269,0.44199657964004435
2qqjA_4qdsA,esm3,ShallowMsa_005,ShallowMsa_005__sample_009,0.9582136692306671,0.5114032993681903,0.4468103698624768
2qqjA_4qdsA,esm3,ShallowMsa_005,ShallowMsa_005__sample_010,0.9566935310355014,0.5085323459104246,0.44816118512507674
2qqjA_4qdsA,esm3,ShallowMsa_006,ShallowMsa_006__sample_001,0.9659510670379771,0.5189391757631168,0.4470118912748603
2qqjA_4qdsA,esm3,ShallowMsa_006,ShallowMsa_006__sample_002,0.9725520525990157,0.5129739289227696,0.45957812367624606
2qqjA_4qdsA,esm3,ShallowMsa_006,ShallowMsa_006__sample_003,0.9662470086528339,0.5096681879336674,0.45657882071916644
2qqjA_4qdsA,esm3,ShallowMsa_006,ShallowMsa_006__sample_004,0.9687605216936621,0.5196944332999482,0.44906608839371387
2qqjA_4qdsA,esm3,ShallowMsa_006,ShallowMsa_006__sample_005,0.9720770479061398,0.5304418174682519,0.4416352304378879
2qqjA_4qdsA,esm3,ShallowMsa_006,ShallowMsa_006__sample_006,0.917925230247261,0.5775967467886063,0.34032848345865474
2qqjA_4qdsA,esm3,ShallowMsa_006,ShallowMsa_006__sample_007,0.9628299393236065,0.5123029987647628,0.4505269405588437
2qqjA_4qdsA,esm3,ShallowMsa_006,ShallowMsa_006__sample_008,0.9646256972558823,0.5131338434564355,0.4514918537994468
2qqjA_4qdsA,esm3,ShallowMsa_006,ShallowMsa_006__sample_009,0.9286948790227454,0.48491396130788134,0.44378091771486405
2qqjA_4qdsA,esm3,ShallowMsa_006,ShallowMsa_006__sample_010,0.9638907485102113,0.5157904502043751,0.4481002983058362
2qqjA_4qdsA,esm3,ShallowMsa_007,ShallowMsa_007__sample_001,0.9659510670379771,0.5189391757631168,0.4470118912748603
2qqjA_4qdsA,esm3,ShallowMsa_007,ShallowMsa_007__sample_002,0.5060773831647879,0.4391658443520363,0.06691153881275158
2qqjA_4qdsA,esm3,ShallowMsa_007,ShallowMsa_007__sample_003,0.4950837438199093,0.4428046738318263,0.052279069988083016
2qqjA_4qdsA,esm3,ShallowMsa_007,ShallowMsa_007__sample_004,0.5285084248638587,0.48127100317374966,0.04723742169010908
2qqjA_4qdsA,esm3,ShallowMsa_007,ShallowMsa_007__sample_005,0.5427306304733063,0.4574875503053177,0.0852430801679886
2qqjA_4qdsA,esm3,ShallowMsa_007,ShallowMsa_007__sample_006,0.5199070883046346,0.49506784406887194,0.02483924423576267
2qqjA_4qdsA,esm3,ShallowMsa_007,ShallowMsa_007__sample_007,0.5001471481513821,0.47230760868106514,0.02783953947031692
2qqjA_4qdsA,esm3,ShallowMsa_007,ShallowMsa_007__sample_008,0.48670639544902705,0.4528840711215199,0.03382232432750715
2qqjA_4qdsA,esm3,ShallowMsa_007,ShallowMsa_007__sample_009,0.5463017316050409,0.4879849788147685,0.05831675279027243
2qqjA_4qdsA,esm3,ShallowMsa_007,ShallowMsa_007__sample_010,0.5185501442753159,0.44606809060010416,0.07248205367521171
2qqjA_4qdsA,esm3,ShallowMsa_008,ShallowMsa_008__sample_001,0.9659510670379771,0.5189391757631168,0.4470118912748603
2qqjA_4qdsA,esm3,ShallowMsa_008,ShallowMsa_008__sample_002,0.5278367750632657,0.4745778221206467,0.05325895294261895
2qqjA_4qdsA,esm3,ShallowMsa_008,ShallowMsa_008__sample_003,0.4814825796829637,0.4323715170979063,0.04911106258505743
2qqjA_4qdsA,esm3,ShallowMsa_008,ShallowMsa_008__sample_004,0.5213894341386879,0.4533231241502835,0.0680663099884044
2qqjA_4qdsA,esm3,ShallowMsa_008,ShallowMsa_008__sample_005,0.5213299789333535,0.5116460735238798,0.009683905409473725
2qqjA_4qdsA,esm3,ShallowMsa_008,ShallowMsa_008__sample_006,0.46366166173740514,0.5385849088520415,-0.07492324711463633
2qqjA_4qdsA,esm3,ShallowMsa_008,ShallowMsa_008__sample_007,0.5023035668972112,0.4351220628583535,0.06718150403885775
2qqjA_4qdsA,esm3,ShallowMsa_008,ShallowMsa_008__sample_008,0.5061009846014661,0.44808206771074044,0.05801891689072569
2qqjA_4qdsA,esm3,ShallowMsa_008,ShallowMsa_008__sample_009,0.4991539863905528,0.5186112197978422,-0.019457233407289387
2qqjA_4qdsA,esm3,ShallowMsa_008,ShallowMsa_008__sample_010,0.49478028116577943,0.5563036025946758,-0.06152332142889638
2qqjA_4qdsA,esm3,ShallowMsa_009,ShallowMsa_009__sample_001,0.9659510670379771,0.5189391757631168,0.4470118912748603
2qqjA_4qdsA,esm3,ShallowMsa_009,ShallowMsa_009__sample_002,0.9585356172634681,0.5573063101825836,0.40122930708088456
2qqjA_4qdsA,esm3,ShallowMsa_009,ShallowMsa_009__sample_003,0.9609417203862155,0.5571486431437619,0.4037930772424536
2qqjA_4qdsA,esm3,ShallowMsa_009,ShallowMsa_009__sample_004,0.9655747427202552,0.5197577625497873,0.4458169801704679
2qqjA_4qdsA,esm3,ShallowMsa_009,ShallowMsa_009__sample_005,0.9677528128703284,0.5184672636768476,0.44928554919348085
2qqjA_4qdsA,esm3,ShallowMsa_009,ShallowMsa_009__sample_006,0.9681249884630206,0.5191955324213973,0.4489294560416234
2qqjA_4qdsA,esm3,ShallowMsa_009,ShallowMsa_009__sample_007,0.9666060049151407,0.5191047902159004,0.4475012146992403
2qqjA_4qdsA,esm3,ShallowMsa_009,ShallowMsa_009__sample_008,0.970474165421487,0.5198891514478681,0.45058501397361894
2qqjA_4qdsA,esm3,ShallowMsa_009,ShallowMsa_009__sample_009,0.9614388745670185,0.5182368810286592,0.4432019935383593
2qqjA_4qdsA,esm3,ShallowMsa_009,ShallowMsa_009__sample_010,0.9647482313038497,0.5110065720743603,0.4537416592294894
2qqjA_4qdsA,esm3,ShallowMsa_010,ShallowMsa_010__sample_001,0.9659510670379771,0.5189391757631168,0.4470118912748603
2qqjA_4qdsA,esm3,ShallowMsa_010,ShallowMsa_010__sample_002,0.9579680719909582,0.5189963568516288,0.4389717151393294
2qqjA_4qdsA,esm3,ShallowMsa_010,ShallowMsa_010__sample_003,0.9579680719909582,0.5189963568516288,0.4389717151393294
2qqjA_4qdsA,esm3,ShallowMsa_010,ShallowMsa_010__sample_004,0.9577540196844826,0.5193558831549354,0.4383981365295472
2qqjA_4qdsA,esm3,ShallowMsa_010,ShallowMsa_010__sample_005,0.9567263350560524,0.5194078478413662,0.43731848721468625
2qqjA_4qdsA,esm3,ShallowMsa_010,ShallowMsa_010__sample_006,0.9582219674368644,0.5192017079626694,0.439020259474195
2qqjA_4qdsA,esm3,ShallowMsa_010,ShallowMsa_010__sample_007,0.9567413465899505,0.518711926274594,0.4380294203153565
2qqjA_4qdsA,esm3,ShallowMsa_010,ShallowMsa_010__sample_008,0.9567263350560524,0.5194078478413662,0.43731848721468625
2qqjA_4qdsA,esm3,ShallowMsa_010,ShallowMsa_010__sample_009,0.9575181439854376,0.5182064929450708,0.43931165104036674
2qqjA_4qdsA,esm3,ShallowMsa_010,ShallowMsa_010__sample_010,0.9507290115545833,0.5117585815136484,0.43897043004093494
2qqjA_4qdsA,esm3,ShallowMsa_011,ShallowMsa_011__sample_001,0.9659510670379771,0.5189391757631168,0.4470118912748603
2qqjA_4qdsA,esm3,ShallowMsa_011,ShallowMsa_011__sample_002,0.9608867663834998,0.518914344420578,0.44197242196292175
2qqjA_4qdsA,esm3,ShallowMsa_011,ShallowMsa_011__sample_003,0.9614041084180196,0.5270450479610042,0.43435906045701544
2qqjA_4qdsA,esm3,ShallowMsa_011,ShallowMsa_011__sample_004,0.9596502974625156,0.5190081485728076,0.440642148889708
2qqjA_4qdsA,esm3,ShallowMsa_011,ShallowMsa_011__sample_005,0.9501743558548637,0.5203640404913327,0.429810315363531
2qqjA_4qdsA,esm3,ShallowMsa_011,ShallowMsa_011__sample_006,0.9605644667192326,0.5282685665703543,0.4322959001488783
2qqjA_4qdsA,esm3,ShallowMsa_011,ShallowMsa_011__sample_007,0.9624740463520284,0.5193885817005998,0.4430854646514286
2qqjA_4qdsA,esm3,ShallowMsa_011,ShallowMsa_011__sample_008,0.9599671517275928,0.517385262315524,0.4425818894120689
2qqjA_4qdsA,esm3,ShallowMsa_011,ShallowMsa_011__sample_009,0.9605608806827894,0.5188767349549924,0.441684145727797
2qqjA_4qdsA,esm3,ShallowMsa_011,ShallowMsa_011__sample_010,0.9631866986202159,0.5190031531071123,0.4441835455131036
2qqjA_4qdsA,esm3,ShallowMsa_012,ShallowMsa_012__sample_001,0.9659510670379771,0.5189391757631168,0.4470118912748603
2qqjA_4qdsA,esm3,ShallowMsa_012,ShallowMsa_012__sample_002,0.5254967367516435,0.4557860456247369,0.06971069112690664
2qqjA_4qdsA,esm3,ShallowMsa_012,ShallowMsa_012__sample_003,0.5452744129261309,0.46094564882387934,0.08432876410225154
2qqjA_4qdsA,esm3,ShallowMsa_012,ShallowMsa_012__sample_004,0.5725410256225001,0.5078014245884299,0.06473960103407017
2qqjA_4qdsA,esm3,ShallowMsa_012,ShallowMsa_012__sample_005,0.5391091299620763,0.4590867688796374,0.08002236108243888
2qqjA_4qdsA,esm3,ShallowMsa_012,ShallowMsa_012__sample_006,0.48996140062268706,0.43296848990964826,0.0569929107130388
2qqjA_4qdsA,esm3,ShallowMsa_012,ShallowMsa_012__sample_007,0.44850639409735565,0.43786082817507244,0.010645565922283218
2qqjA_4qdsA,esm3,ShallowMsa_012,ShallowMsa_012__sample_008,0.48647611511679806,0.44212437302167207,0.04435174209512599
2qqjA_4qdsA,esm3,ShallowMsa_012,ShallowMsa_012__sample_009,0.5079388926566313,0.42856264936990546,0.07937624328672582
2qqjA_4qdsA,esm3,ShallowMsa_012,ShallowMsa_012__sample_010,0.49732196343865837,0.5098266919201948,-0.012504728481536442
2qqjA_4qdsA,esm3,ShallowMsa_013,ShallowMsa_013__sample_001,0.9659510670379771,0.5189391757631168,0.4470118912748603
2qqjA_4qdsA,esm3,ShallowMsa_013,ShallowMsa_013__sample_002,0.512994314756796,0.4454622622049802,0.06753205255181582
2qqjA_4qdsA,esm3,ShallowMsa_013,ShallowMsa_013__sample_003,0.5476513480424336,0.4705829586505391,0.07706838939189453
2qqjA_4qdsA,esm3,ShallowMsa_013,ShallowMsa_013__sample_004,0.5362414440441213,0.4629429480454427,0.0732984959986786
2qqjA_4qdsA,esm3,ShallowMsa_013,ShallowMsa_013__sample_005,0.5778021258896441,0.46910216763055834,0.10869995825908574
2qqjA_4qdsA,esm3,ShallowMsa_013,ShallowMsa_013__sample_006,0.5326761286606743,0.47924058635355127,0.053435542307122996
2qqjA_4qdsA,esm3,ShallowMsa_013,ShallowMsa_013__sample_007,0.5357482116491405,0.457919051174033,0.07782916047510757
2qqjA_4qdsA,esm3,ShallowMsa_013,ShallowMsa_013__sample_008,0.5384753460341895,0.46084765507165687,0.07762769096253258
2qqjA_4qdsA,esm3,ShallowMsa_013,ShallowMsa_013__sample_009,0.4758942526121796,0.46719865840128366,0.00869559421089594
2qqjA_4qdsA,esm3,ShallowMsa_013,ShallowMsa_013__sample_010,0.5484296279824231,0.4627110409264849,0.08571858705593821
2qqjA_4qdsA,esm3,ShallowMsa_014,ShallowMsa_014__sample_001,0.9659510670379771,0.5189391757631168,0.4470118912748603
2qqjA_4qdsA,esm3,ShallowMsa_014,ShallowMsa_014__sample_002,0.349432303679969,0.32721994805667365,0.022212355623295377
2qqjA_4qdsA,esm3,ShallowMsa_014,ShallowMsa_014__sample_003,0.43307587604586684,0.3281135076695589,0.10496236837630796
2qqjA_4qdsA,esm3,ShallowMsa_014,ShallowMsa_014__sample_004,0.48118410843580195,0.3523795267431924,0.12880458169260955
2qqjA_4qdsA,esm3,ShallowMsa_014,ShallowMsa_014__sample_005,0.4053972889743122,0.36552897012196184,0.03986831885235037
2qqjA_4qdsA,esm3,ShallowMsa_014,ShallowMsa_014__sample_006,0.46599809962106153,0.40865945794039527,0.05733864168066627
2qqjA_4qdsA,esm3,ShallowMsa_014,ShallowMsa_014__sample_007,0.36399354628821584,0.33115806098875705,0.03283548529945879
2qqjA_4qdsA,esm3,ShallowMsa_014,ShallowMsa_014__sample_008,0.47464557122428164,0.35171227309287123,0.1229332981314104
2qqjA_4qdsA,esm3,ShallowMsa_014,ShallowMsa_014__sample_009,0.5081739817696816,0.4018519649768559,0.10632201679282577
2qqjA_4qdsA,esm3,ShallowMsa_014,ShallowMsa_014__sample_010,0.4482638461263833,0.3445339351771823,0.10372991094920103
2qqjA_4qdsA,esm3,ShallowMsa_015,ShallowMsa_015__sample_001,0.9659510670379771,0.5189391757631168,0.4470118912748603
2qqjA_4qdsA,esm3,ShallowMsa_015,ShallowMsa_015__sample_002,0.4346517297684528,0.35969527698143083,0.07495645278702195
2qqjA_4qdsA,esm3,ShallowMsa_015,ShallowMsa_015__sample_003,0.49316540338604375,0.4333105678353131,0.05985483555073068
2qqjA_4qdsA,esm3,ShallowMsa_015,ShallowMsa_015__sample_004,0.5594455477314249,0.3883610356100392,0.17108451212138565
2qqjA_4qdsA,esm3,ShallowMsa_015,ShallowMsa_015__sample_005,0.43706796516569346,0.5183559265707103,-0.08128796140501682
2qqjA_4qdsA,esm3,ShallowMsa_015,ShallowMsa_015__sample_006,0.43363370900754206,0.3645583461372974,0.06907536287024468
2qqjA_4qdsA,esm3,ShallowMsa_015,ShallowMsa_015__sample_007,0.4566579463743438,0.4101617229241551,0.04649622345018872
2qqjA_4qdsA,esm3,ShallowMsa_015,ShallowMsa_015__sample_008,0.4702763062703802,0.42754455787100376,0.042731748399376435
2qqjA_4qdsA,esm3,ShallowMsa_015,ShallowMsa_015__sample_009,0.536481629644973,0.40784783522891216,0.12863379441606088
2qqjA_4qdsA,esm3,ShallowMsa_015,ShallowMsa_015__sample_010,0.46334214532473716,0.4067714103329817,0.05657073499175547
2qqjA_4qdsA,esm3,ShallowMsa_016,ShallowMsa_016__sample_001,0.9659510670379771,0.5189391757631168,0.4470118912748603
2qqjA_4qdsA,esm3,ShallowMsa_016,ShallowMsa_016__sample_002,0.46632672590229923,0.3528230066361606,0.11350371926613861
2qqjA_4qdsA,esm3,ShallowMsa_016,ShallowMsa_016__sample_003,0.5204793598488371,0.39721813464701294,0.12326122520182414
2qqjA_4qdsA,esm3,ShallowMsa_016,ShallowMsa_016__sample_004,0.4411511033392833,0.42405454880329707,0.01709655453598624
2qqjA_4qdsA,esm3,ShallowMsa_016,ShallowMsa_016__sample_005,0.4456340601280677,0.3020384158320979,0.14359564429596983
2qqjA_4qdsA,esm3,ShallowMsa_016,ShallowMsa_016__sample_006,0.4798900363015281,0.3826539111746378,0.09723612512689028
2qqjA_4qdsA,esm3,ShallowMsa_016,ShallowMsa_016__sample_007,0.4799006882861024,0.39410873553006825,0.08579195275603413
2qqjA_4qdsA,esm3,ShallowMsa_016,ShallowMsa_016__sample_008,0.4572103303592456,0.35322269004676526,0.10398764031248031
2qqjA_4qdsA,esm3,ShallowMsa_016,ShallowMsa_016__sample_009,0.41822591229832173,0.36268197269367874,0.05554393960464299
2qqjA_4qdsA,esm3,ShallowMsa_016,ShallowMsa_016__sample_010,0.465880097868443,0.3626125673079603,0.10326753056048266
2qqjA_4qdsA,esm3,ShallowMsa_017,ShallowMsa_017__sample_001,0.9659510670379771,0.5189391757631168,0.4470118912748603
2qqjA_4qdsA,esm3,ShallowMsa_017,ShallowMsa_017__sample_002,0.40603578974559423,0.3074786327539427,0.09855715699165152
2qqjA_4qdsA,esm3,ShallowMsa_017,ShallowMsa_017__sample_003,0.45461906256411794,0.3180916566721194,0.13652740589199852
2qqjA_4qdsA,esm3,ShallowMsa_017,ShallowMsa_017__sample_004,0.4609271270621666,0.31643366568056813,0.14449346138159846
2qqjA_4qdsA,esm3,ShallowMsa_017,ShallowMsa_017__sample_005,0.4784053821412895,0.3797006489172882,0.0987047332240013
2qqjA_4qdsA,esm3,ShallowMsa_017,ShallowMsa_017__sample_006,0.403296780723556,0.4281370771128882,-0.02484029638933216
2qqjA_4qdsA,esm3,ShallowMsa_017,ShallowMsa_017__sample_007,0.43115452095492407,0.2996110124621822,0.13154350849274188
2qqjA_4qdsA,esm3,ShallowMsa_017,ShallowMsa_017__sample_008,0.5426781385146664,0.34453730677331834,0.19814083174134806
2qqjA_4qdsA,esm3,ShallowMsa_017,ShallowMsa_017__sample_009,0.4792083257835691,0.3516768235962509,0.12753150218731818
2qqjA_4qdsA,esm3,ShallowMsa_017,ShallowMsa_017__sample_010,0.4672611657857198,0.3389618472175212,0.1282993185681986
2qqjA_4qdsA,esm3,ShallowMsa_018,ShallowMsa_018__sample_001,0.9659510670379771,0.5189391757631168,0.4470118912748603
2qqjA_4qdsA,esm3,ShallowMsa_018,ShallowMsa_018__sample_002,0.5013783160843043,0.35215732694084406,0.14922098914346021
2qqjA_4qdsA,esm3,ShallowMsa_018,ShallowMsa_018__sample_003,0.4903289212153992,0.35851520157268285,0.13181371964271638
2qqjA_4qdsA,esm3,ShallowMsa_018,ShallowMsa_018__sample_004,0.49360334936213424,0.3568977944868639,0.13670555487527036
2qqjA_4qdsA,esm3,ShallowMsa_018,ShallowMsa_018__sample_005,0.48515308602276236,0.3593525003932064,0.12580058562955598
2qqjA_4qdsA,esm3,ShallowMsa_018,ShallowMsa_018__sample_006,0.4932449478451508,0.3580783839081097,0.13516656393704113
2qqjA_4qdsA,esm3,ShallowMsa_018,ShallowMsa_018__sample_007,0.4809864521123348,0.35752045931021287,0.12346599280212195
2qqjA_4qdsA,esm3,ShallowMsa_018,ShallowMsa_018__sample_008,0.4898828531164502,0.3562972619768403,0.13358559113960988
2qqjA_4qdsA,esm3,ShallowMsa_018,ShallowMsa_018__sample_009,0.4856218067575491,0.3555583459856867,0.13006346077186243
2qqjA_4qdsA,esm3,ShallowMsa_018,ShallowMsa_018__sample_010,0.49733811602203515,0.3544939022423887,0.14284421377964646
2qqjA_4qdsA,esm3,ShallowMsa_019,ShallowMsa_019__sample_001,0.9659510670379771,0.5189391757631168,0.4470118912748603
2qqjA_4qdsA,esm3,ShallowMsa_019,ShallowMsa_019__sample_002,0.49363977489793986,0.3855379873656768,0.10810178753226307
2qqjA_4qdsA,esm3,ShallowMsa_019,ShallowMsa_019__sample_003,0.48621238217282814,0.40478287992900014,0.081429502243828
2qqjA_4qdsA,esm3,ShallowMsa_019,ShallowMsa_019__sample_004,0.4397528319804218,0.39459801865647454,0.045154813323947274
2qqjA_4qdsA,esm3,ShallowMsa_019,ShallowMsa_019__sample_005,0.4782417215150863,0.40117179149884336,0.07706993001624296
2qqjA_4qdsA,esm3,ShallowMsa_019,ShallowMsa_019__sample_006,0.4923920036011765,0.3897573095707848,0.10263469403039172
2qqjA_4qdsA,esm3,ShallowMsa_019,ShallowMsa_019__sample_007,0.47543194703469055,0.4010715082276692,0.07436043880702137
2qqjA_4qdsA,esm3,ShallowMsa_019,ShallowMsa_019__sample_008,0.4907136590882177,0.399323080231269,0.09139057885694868
2qqjA_4qdsA,esm3,ShallowMsa_019,ShallowMsa_019__sample_009,0.4909325311173691,0.40729045545606346,0.08364207566130566
2qqjA_4qdsA,esm3,ShallowMsa_019,ShallowMsa_019__sample_010,0.4857083328931708,0.4053281430435217,0.08038018984964906
2qqjA_4qdsA,esm3,ShallowMsa_020,ShallowMsa_020__sample_001,0.9659510670379771,0.5189391757631168,0.4470118912748603
2qqjA_4qdsA,esm3,ShallowMsa_020,ShallowMsa_020__sample_002,0.46499613910488513,0.3710009032962594,0.09399523580862573
2qqjA_4qdsA,esm3,ShallowMsa_020,ShallowMsa_020__sample_003,0.4517045872300484,0.38802218935526833,0.06368239787478008
2qqjA_4qdsA,esm3,ShallowMsa_020,ShallowMsa_020__sample_004,0.4827161113155705,0.4192370832523584,0.0634790280632121
2qqjA_4qdsA,esm3,ShallowMsa_020,ShallowMsa_020__sample_005,0.479769886158446,0.37161276903593254,0.10815711712251347
2qqjA_4qdsA,esm3,ShallowMsa_020,ShallowMsa_020__sample_006,0.4540818152942389,0.3699606635293212,0.08412115176491769
2qqjA_4qdsA,esm3,ShallowMsa_020,ShallowMsa_020__sample_007,0.49961600348673374,0.3497129199823978,0.14990308350433595
2qqjA_4qdsA,esm3,ShallowMsa_020,ShallowMsa_020__sample_008,0.46585140321504914,0.4054611073360992,0.06039029587894995
2qqjA_4qdsA,esm3,ShallowMsa_020,ShallowMsa_020__sample_009,0.5384196152565295,0.4522671987296995,0.08615241652682998
2qqjA_4qdsA,esm3,ShallowMsa_020,ShallowMsa_020__sample_010,0.4930101811133857,0.35715489400408273,0.13585528710930295
2qqjA_4qdsA,esm3,ShallowMsa_021,ShallowMsa_021__sample_001,0.9659510670379771,0.5189391757631168,0.4470118912748603
2qqjA_4qdsA,esm3,ShallowMsa_021,ShallowMsa_021__sample_002,0.4879516825667395,0.36638424821375704,0.12156743435298245
2qqjA_4qdsA,esm3,ShallowMsa_021,ShallowMsa_021__sample_003,0.42406877368789914,0.3854680246494736,0.03860074903842553
2qqjA_4qdsA,esm3,ShallowMsa_021,ShallowMsa_021__sample_004,0.44630273683751726,0.39805550929093636,0.048247227546580895
2qqjA_4qdsA,esm3,ShallowMsa_021,ShallowMsa_021__sample_005,0.43379328808022993,0.39572286747437757,0.03807042060585236
2qqjA_4qdsA,esm3,ShallowMsa_021,ShallowMsa_021__sample_006,0.46365801640670895,0.3996584717922539,0.06399954461445506
2qqjA_4qdsA,esm3,ShallowMsa_021,ShallowMsa_021__sample_007,0.4578518752373681,0.39101409145340427,0.06683778378396382
2qqjA_4qdsA,esm3,ShallowMsa_021,ShallowMsa_021__sample_008,0.48043990241426826,0.3653669823242188,0.11507292009004944
2qqjA_4qdsA,esm3,ShallowMsa_021,ShallowMsa_021__sample_009,0.519472384990056,0.42517830045697297,0.09429408453308302
2qqjA_4qdsA,esm3,ShallowMsa_021,ShallowMsa_021__sample_010,0.4272648628438201,0.3830972946607034,0.04416756818311668
2qqjA_4qdsA,esm3,ShallowMsa_022,ShallowMsa_022__sample_001,0.9659510670379771,0.5189391757631168,0.4470118912748603
2qqjA_4qdsA,esm3,ShallowMsa_022,ShallowMsa_022__sample_002,0.4900132005243028,0.34578480562302,0.1442283949012828
2qqjA_4qdsA,esm3,ShallowMsa_022,ShallowMsa_022__sample_003,0.45442262449555637,0.38951758729318814,0.06490503720236823
2qqjA_4qdsA,esm3,ShallowMsa_022,ShallowMsa_022__sample_004,0.4912005787033314,0.36052525374292865,0.13067532496040274
2qqjA_4qdsA,esm3,ShallowMsa_022,ShallowMsa_022__sample_005,0.4718713755794824,0.36390524532566687,0.10796613025381552
2qqjA_4qdsA,esm3,ShallowMsa_022,ShallowMsa_022__sample_006,0.49628495335426104,0.3652704507870113,0.13101450256724972
2qqjA_4qdsA,esm3,ShallowMsa_022,ShallowMsa_022__sample_007,0.4618255178818156,0.3875652869417621,0.07426023094005346
2qqjA_4qdsA,esm3,ShallowMsa_022,ShallowMsa_022__sample_008,0.47349763274254664,0.36320339367614884,0.11029423906639779
2qqjA_4qdsA,esm3,ShallowMsa_022,ShallowMsa_022__sample_009,0.48313100230425343,0.3415538927001616,0.1415771096040918
2qqjA_4qdsA,esm3,ShallowMsa_022,ShallowMsa_022__sample_010,0.5314788470495747,0.4118868670028983,0.11959198004667643
2qqjA_4qdsA,esm3,ShallowMsa_023,ShallowMsa_023__sample_001,0.9659510670379771,0.5189391757631168,0.4470118912748603
2qqjA_4qdsA,esm3,ShallowMsa_023,ShallowMsa_023__sample_002,0.9550956846457511,0.5188691763142226,0.43622650833152854
2qqjA_4qdsA,esm3,ShallowMsa_023,ShallowMsa_023__sample_003,0.9540103202762734,0.5188728627563308,0.4351374575199426
2qqjA_4qdsA,esm3,ShallowMsa_023,ShallowMsa_023__sample_004,0.9531867550947893,0.5184646367574107,0.4347221183373786
2qqjA_4qdsA,esm3,ShallowMsa_023,ShallowMsa_023__sample_005,0.9588982890582707,0.5196979467706311,0.4392003422876396
2qqjA_4qdsA,esm3,ShallowMsa_023,ShallowMsa_023__sample_006,0.9532345040417659,0.5193112134139357,0.4339232906278302
2qqjA_4qdsA,esm3,ShallowMsa_023,ShallowMsa_023__sample_007,0.9566447982475432,0.5192827515228128,0.43736204672473045
2qqjA_4qdsA,esm3,ShallowMsa_023,ShallowMsa_023__sample_008,0.9552009047236324,0.5189539637500652,0.4362469409735672
2qqjA_4qdsA,esm3,ShallowMsa_023,ShallowMsa_023__sample_009,0.9547861862005708,0.5192007801451611,0.43558540605540963
2qqjA_4qdsA,esm3,ShallowMsa_023,ShallowMsa_023__sample_010,0.9569555728691984,0.5193669314099624,0.43758864145923604
2qqjA_4qdsA,esm3,ShallowMsa_024,ShallowMsa_024__sample_001,0.9659510670379771,0.5189391757631168,0.4470118912748603
2qqjA_4qdsA,esm3,ShallowMsa_024,ShallowMsa_024__sample_002,0.953980508655506,0.5198155179034238,0.43416499075208215
2qqjA_4qdsA,esm3,ShallowMsa_024,ShallowMsa_024__sample_003,0.9556868986156726,0.5197319803540691,0.4359549182616035
2qqjA_4qdsA,esm3,ShallowMsa_024,ShallowMsa_024__sample_004,0.9394147237186563,0.5084444501255331,0.43097027359312323
2qqjA_4qdsA,esm3,ShallowMsa_024,ShallowMsa_024__sample_005,0.9558995385091271,0.5355827398327814,0.42031679867634575
2qqjA_4qdsA,esm3,ShallowMsa_024,ShallowMsa_024__sample_006,0.9527912807219123,0.5440119278400184,0.40877935288189393
2qqjA_4qdsA,esm3,ShallowMsa_024,ShallowMsa_024__sample_007,0.956602635976251,0.5194999799463971,0.4371026560298539
2qqjA_4qdsA,esm3,ShallowMsa_024,ShallowMsa_024__sample_008,0.955676185366089,0.5186506105077257,0.43702557485836335
2qqjA_4qdsA,esm3,ShallowMsa_024,ShallowMsa_024__sample_009,0.9558656060750792,0.5190176119039724,0.43684799417110676
2qqjA_4qdsA,esm3,ShallowMsa_024,ShallowMsa_024__sample_010,0.9533918944113287,0.5568093389359172,0.39658255547541144
2qqjA_4qdsA,esm3,ShallowMsa_025,ShallowMsa_025__sample_001,0.9659510670379771,0.5189391757631168,0.4470118912748603
2qqjA_4qdsA,esm3,ShallowMsa_025,ShallowMsa_025__sample_002,0.9524596141701207,0.5142753083909263,0.4381843057791944
2qqjA_4qdsA,esm3,ShallowMsa_025,ShallowMsa_025__sample_003,0.9550447528008218,0.5195345390587249,0.43551021374209686
2qqjA_4qdsA,esm3,ShallowMsa_025,ShallowMsa_025__sample_004,0.9554474484060147,0.5197153854574766,0.43573206294853806
2qqjA_4qdsA,esm3,ShallowMsa_025,ShallowMsa_025__sample_005,0.9550447528008218,0.5195345390587249,0.43551021374209686
2qqjA_4qdsA,esm3,ShallowMsa_025,ShallowMsa_025__sample_006,0.9554618163797016,0.5196652433584793,0.4357965730212223
2qqjA_4qdsA,esm3,ShallowMsa_025,ShallowMsa_025__sample_007,0.9524596141701207,0.5142753083909263,0.4381843057791944
2qqjA_4qdsA,esm3,ShallowMsa_025,ShallowMsa_025__sample_008,0.9554618163797016,0.5196652433584793,0.4357965730212223
2qqjA_4qdsA,esm3,ShallowMsa_025,ShallowMsa_025__sample_009,0.9554474484060147,0.5197153854574766,0.43573206294853806
2qqjA_4qdsA,esm3,ShallowMsa_025,ShallowMsa_025__sample_010,0.9550447528008218,0.5195345390587249,0.43551021374209686
