mode,version,cluster,chain,TM_F1,TM_F2,TMdiff,pred_pdb,error,TMdiff_centered
ESMFold2_newmethod,ESMFold2,ShallowMsa_000,5c1vB,0.9131476475717971,0.9819711335626988,-0.06882348599090171,Pipeline/FoldPairs/5c1vB_5c1vA/output_esmfold2/ShallowMsa_000.pdb,,-0.0027742482319912942
ESMFold2_newmethod,ESMFold2,ShallowMsa_001,5c1vB,0.9047093727995927,0.9730809610975745,-0.06837158829798173,Pipeline/FoldPairs/5c1vB_5c1vA/output_esmfold2/ShallowMsa_001.pdb,,-0.002322350539071316
ESMFold2_newmethod,ESMFold2,ShallowMsa_002,5c1vB,0.9376010064012944,0.9318811264445812,0.005719879956713192,Pipeline/FoldPairs/5c1vB_5c1vA/output_esmfold2/ShallowMsa_002.pdb,,0.07176911771562361
ESMFold2_newmethod,ESMFold2,ShallowMsa_003,5c1vB,0.9103768591178444,0.9690949349347548,-0.058718075816910464,Pipeline/FoldPairs/5c1vB_5c1vA/output_esmfold2/ShallowMsa_003.pdb,,0.007331161941999953
ESMFold2_newmethod,ESMFold2,ShallowMsa_004,5c1vB,0.9027750548573297,0.9729076104790515,-0.07013255562172183,Pipeline/FoldPairs/5c1vB_5c1vA/output_esmfold2/ShallowMsa_004.pdb,,-0.004083317862811409
ESMFold2_newmethod,ESMFold2,ShallowMsa_005,5c1vB,0.907851065657789,0.9708552001699207,-0.06300413451213172,Pipeline/FoldPairs/5c1vB_5c1vA/output_esmfold2/ShallowMsa_005.pdb,,0.003045103246778702
ESMFold2_newmethod,ESMFold2,ShallowMsa_006,5c1vB,0.9051059518384614,0.9715088750176069,-0.06640292317914542,Pipeline/FoldPairs/5c1vB_5c1vA/output_esmfold2/ShallowMsa_006.pdb,,-0.00035368542023500593
ESMFold2_newmethod,ESMFold2,ShallowMsa_007,5c1vB,0.9067308308830343,0.9743319615092951,-0.06760113062626083,Pipeline/FoldPairs/5c1vB_5c1vA/output_esmfold2/ShallowMsa_007.pdb,,-0.0015518928673504129
ESMFold2_newmethod,ESMFold2,ShallowMsa_008,5c1vB,0.9097706648563324,0.9694878527213521,-0.05971718786501967,Pipeline/FoldPairs/5c1vB_5c1vA/output_esmfold2/ShallowMsa_008.pdb,,0.0063320498938907455
ESMFold2_newmethod,ESMFold2,ShallowMsa_009,5c1vB,0.9005924315645362,0.9698914497309132,-0.06929901816637707,Pipeline/FoldPairs/5c1vB_5c1vA/output_esmfold2/ShallowMsa_009.pdb,,-0.0032497804074666514
ESMFold2_newmethod,ESMFold2,ShallowMsa_010,5c1vB,0.9005720945459873,0.9699446929739302,-0.06937259842794286,Pipeline/FoldPairs/5c1vB_5c1vA/output_esmfold2/ShallowMsa_010.pdb,,-0.003323360669032438
ESMFold2_newmethod,ESMFold2,ShallowMsa_011,5c1vB,0.8939685568715293,0.9702061137399525,-0.07623755686842315,Pipeline/FoldPairs/5c1vB_5c1vA/output_esmfold2/ShallowMsa_011.pdb,,-0.010188319109512733
ESMFold2_newmethod,ESMFold2,ShallowMsa_012,5c1vB,0.9617355127280323,0.9610824678460019,0.0006530448820303292,Pipeline/FoldPairs/5c1vB_5c1vA/output_esmfold2/ShallowMsa_012.pdb,,0.06670228264094075
ESMFold2_newmethod,ESMFold2,ShallowMsa_013,5c1vB,0.8896973632061022,0.9691885133193022,-0.07949115011320007,Pipeline/FoldPairs/5c1vB_5c1vA/output_esmfold2/ShallowMsa_013.pdb,,-0.013441912354289653
ESMFold2_newmethod,ESMFold2,ShallowMsa_014,5c1vB,0.9737472585506348,0.9717101632118283,0.0020370953388064716,Pipeline/FoldPairs/5c1vB_5c1vA/output_esmfold2/ShallowMsa_014.pdb,,0.06808633309771689
ESMFold2_newmethod,ESMFold2,ShallowMsa_015,5c1vB,0.9051470165696955,0.9725232450227776,-0.06737622845308211,Pipeline/FoldPairs/5c1vB_5c1vA/output_esmfold2/ShallowMsa_015.pdb,,-0.0013269906941716925
ESMFold2_newmethod,ESMFold2,ShallowMsa_016,5c1vB,0.874948343881224,0.9389640030236502,-0.06401565914242624,Pipeline/FoldPairs/5c1vB_5c1vA/output_esmfold2/ShallowMsa_016.pdb,,0.0020335786164841774
ESMFold2_newmethod,ESMFold2,ShallowMsa_017,5c1vB,0.976704995293348,0.9831885287966275,-0.0064835335032795705,Pipeline/FoldPairs/5c1vB_5c1vA/output_esmfold2/ShallowMsa_017.pdb,,0.05956570425563085
ESMFold2_newmethod,ESMFold2,ShallowMsa_018,5c1vB,0.8996770715321193,0.9739868566429492,-0.07430978511082986,Pipeline/FoldPairs/5c1vB_5c1vA/output_esmfold2/ShallowMsa_018.pdb,,-0.008260547351919445
ESMFold2_newmethod,ESMFold2,ShallowMsa_019,5c1vB,0.9152042287490812,0.9875807610602623,-0.07237653231118102,Pipeline/FoldPairs/5c1vB_5c1vA/output_esmfold2/ShallowMsa_019.pdb,,-0.0063272945522706014
ESMFold2_newmethod,ESMFold2,ShallowMsa_020,5c1vB,0.9214248172846875,0.9811989699078167,-0.05977415262312924,Pipeline/FoldPairs/5c1vB_5c1vA/output_esmfold2/ShallowMsa_020.pdb,,0.006275085135781178
ESMFold2_newmethod,ESMFold2,ShallowMsa_021,5c1vB,0.9518880824346685,0.9716829569852857,-0.019794874550617236,Pipeline/FoldPairs/5c1vB_5c1vA/output_esmfold2/ShallowMsa_021.pdb,,0.04625436320829318
ESMFold2_newmethod,ESMFold2,ShallowMsa_022,5c1vB,0.8977403002554695,0.9722928198614869,-0.07455251960601739,Pipeline/FoldPairs/5c1vB_5c1vA/output_esmfold2/ShallowMsa_022.pdb,,-0.00850328184710697
ESMFold2_newmethod,ESMFold2,ShallowMsa_023,5c1vB,0.917813107068846,0.9797227158625007,-0.0619096087936547,Pipeline/FoldPairs/5c1vB_5c1vA/output_esmfold2/ShallowMsa_023.pdb,,0.004139628965255715
ESMFold2_newmethod,ESMFold2,ShallowMsa_024,5c1vB,0.849374059760833,0.910998286054904,-0.06162422629407094,Pipeline/FoldPairs/5c1vB_5c1vA/output_esmfold2/ShallowMsa_024.pdb,,0.004425011464839479
ESMFold2_newmethod,ESMFold2,ShallowMsa_025,5c1vB,0.5585254328631084,0.5510718440651213,0.007453588797987076,Pipeline/FoldPairs/5c1vB_5c1vA/output_esmfold2/ShallowMsa_025.pdb,,0.0735028265568975
ESMFold2_newmethod,ESMFold2,ShallowMsa_026,5c1vB,0.895270199630369,0.9714178648037044,-0.07614766517333538,Pipeline/FoldPairs/5c1vB_5c1vA/output_esmfold2/ShallowMsa_026.pdb,,-0.01009842741442496
ESMFold2_newmethod,ESMFold2,ShallowMsa_027,5c1vB,0.9135525487945099,0.9522009410761292,-0.038648392281619315,Pipeline/FoldPairs/5c1vB_5c1vA/output_esmfold2/ShallowMsa_027.pdb,,0.027400845477291103
ESMFold2_newmethod,ESMFold2,ShallowMsa_028,5c1vB,0.9620063451035005,0.9618775507745709,0.0001287943289295379,Pipeline/FoldPairs/5c1vB_5c1vA/output_esmfold2/ShallowMsa_028.pdb,,0.06617803208783996
ESMFold2_newmethod,ESMFold2,ShallowMsa_029,5c1vB,0.9003466760974511,0.9692819669985561,-0.06893529090110495,Pipeline/FoldPairs/5c1vB_5c1vA/output_esmfold2/ShallowMsa_029.pdb,,-0.0028860531421945335
ESMFold2_newmethod,ESMFold2,ShallowMsa_030,5c1vB,0.9006979071881474,0.9692940739998596,-0.06859616681171221,Pipeline/FoldPairs/5c1vB_5c1vA/output_esmfold2/ShallowMsa_030.pdb,,-0.002546929052801794
ESMFold2_newmethod,ESMFold2,ShallowMsa_031,5c1vB,0.8830096327860906,0.9453750184154279,-0.062365385629337355,Pipeline/FoldPairs/5c1vB_5c1vA/output_esmfold2/ShallowMsa_031.pdb,,0.003683852129573062
ESMFold2_newmethod,ESMFold2,ShallowMsa_032,5c1vB,0.8960233629677958,0.9684788840287509,-0.0724555210609551,Pipeline/FoldPairs/5c1vB_5c1vA/output_esmfold2/ShallowMsa_032.pdb,,-0.00640628330204468
ESMFold2_newmethod,ESMFold2,ShallowMsa_033,5c1vB,0.9201596012770759,0.9817101956579631,-0.06155059438088728,Pipeline/FoldPairs/5c1vB_5c1vA/output_esmfold2/ShallowMsa_033.pdb,,0.004498643378023137
ESMFold2_newmethod,ESMFold2,ShallowMsa_034,5c1vB,0.9018575141342201,0.9737421737759853,-0.07188465964176516,Pipeline/FoldPairs/5c1vB_5c1vA/output_esmfold2/ShallowMsa_034.pdb,,-0.005835421882854741
ESMFold2_newmethod,ESMFold2,ShallowMsa_035,5c1vB,0.8900592730486641,0.9521160279708369,-0.062056754922172885,Pipeline/FoldPairs/5c1vB_5c1vA/output_esmfold2/ShallowMsa_035.pdb,,0.003992482836737532
ESMFold2_newmethod,ESMFold2,ShallowMsa_036,5c1vB,0.9001027775939948,0.9748239573072772,-0.0747211797132824,Pipeline/FoldPairs/5c1vB_5c1vA/output_esmfold2/ShallowMsa_036.pdb,,-0.008671941954371987
ESMFold2_newmethod,ESMFold2,ShallowMsa_037,5c1vB,0.915433235014928,0.9813848045318783,-0.06595156951695025,Pipeline/FoldPairs/5c1vB_5c1vA/output_esmfold2/ShallowMsa_037.pdb,,9.766824196016932e-05
ESMFold2_newmethod,ESMFold2,ShallowMsa_038,5c1vB,0.9008005942139485,0.9618289322980004,-0.061028338084051836,Pipeline/FoldPairs/5c1vB_5c1vA/output_esmfold2/ShallowMsa_038.pdb,,0.005020899674858581
ESMFold2_newmethod,ESMFold2,ShallowMsa_039,5c1vB,0.8289466497914728,0.8294915107280036,-0.0005448609365308332,Pipeline/FoldPairs/5c1vB_5c1vA/output_esmfold2/ShallowMsa_039.pdb,,0.06550437682237958
ESMFold2_newmethod,ESMFold2,ShallowMsa_040,5c1vB,0.9015147407451666,0.9734758198445184,-0.07196107909935179,Pipeline/FoldPairs/5c1vB_5c1vA/output_esmfold2/ShallowMsa_040.pdb,,-0.0059118413404413706
ESMFold2_newmethod,ESMFold2,ShallowMsa_041,5c1vB,0.8990100211023975,0.9695753751346673,-0.07056535403226982,Pipeline/FoldPairs/5c1vB_5c1vA/output_esmfold2/ShallowMsa_041.pdb,,-0.004516116273359405
ESMFold2_newmethod,ESMFold2,ShallowMsa_042,5c1vB,0.9021186843733735,0.9654139862256989,-0.06329530185232535,Pipeline/FoldPairs/5c1vB_5c1vA/output_esmfold2/ShallowMsa_042.pdb,,0.00275393590658507
ESMFold2_newmethod,ESMFold2,ShallowMsa_043,5c1vB,0.9662128991707803,0.965481371345722,0.0007315278250583646,Pipeline/FoldPairs/5c1vB_5c1vA/output_esmfold2/ShallowMsa_043.pdb,,0.06678076558396878
ESMFold2_newmethod,ESMFold2,ShallowMsa_044,5c1vB,0.9040975016125087,0.97911474205971,-0.07501724044720137,Pipeline/FoldPairs/5c1vB_5c1vA/output_esmfold2/ShallowMsa_044.pdb,,-0.008968002688290955
ESMFold2_newmethod,ESMFold2,ShallowMsa_045,5c1vB,0.907136972093692,0.9814521047822996,-0.07431513268860757,Pipeline/FoldPairs/5c1vB_5c1vA/output_esmfold2/ShallowMsa_045.pdb,,-0.008265894929697148
ESMFold2_newmethod,ESMFold2,ShallowMsa_046,5c1vB,0.9006718562783768,0.9707502570280477,-0.07007840074967098,Pipeline/FoldPairs/5c1vB_5c1vA/output_esmfold2/ShallowMsa_046.pdb,,-0.00402916299076056
ESMFold2_newmethod,ESMFold2,ShallowMsa_047,5c1vB,0.8988599791790943,0.9650068851799649,-0.06614690600087059,Pipeline/FoldPairs/5c1vB_5c1vA/output_esmfold2/ShallowMsa_047.pdb,,-9.766824196016932e-05
ESMFold2_newmethod,ESMFold2,ShallowMsa_048,5c1vB,0.885415169802325,0.8850794163128208,0.00033575348950420913,Pipeline/FoldPairs/5c1vB_5c1vA/output_esmfold2/ShallowMsa_048.pdb,,0.06638499124841463
ESMFold2_newmethod,ESMFold2,ShallowMsa_049,5c1vB,0.9116051027509076,0.9829527836631292,-0.07134768091222166,Pipeline/FoldPairs/5c1vB_5c1vA/output_esmfold2/ShallowMsa_049.pdb,,-0.005298443153311239
ESMFold2_newmethod,ESMFold2,ShallowMsa_050,5c1vB,0.907129671959141,0.9697563012406113,-0.06262662928147034,Pipeline/FoldPairs/5c1vB_5c1vA/output_esmfold2/ShallowMsa_050.pdb,,0.003422608477440081
ESMFold2_newmethod,ESMFold2,ShallowMsa_051,5c1vB,0.854320065692732,0.9471300152132895,-0.09280994952055754,Pipeline/FoldPairs/5c1vB_5c1vA/output_esmfold2/ShallowMsa_051.pdb,,-0.026760711761647127
ESMFold2_newmethod,ESMFold2,ShallowMsa_052,5c1vB,0.8944973768627353,0.9698000159336371,-0.07530263907090173,Pipeline/FoldPairs/5c1vB_5c1vA/output_esmfold2/ShallowMsa_052.pdb,,-0.009253401311991316
ESMFold2_newmethod,ESMFold2,ShallowMsa_053,5c1vB,0.8852888997390278,0.944044642377082,-0.058755742638054165,Pipeline/FoldPairs/5c1vB_5c1vA/output_esmfold2/ShallowMsa_053.pdb,,0.007293495120856253
ESMFold2_newmethod,ESMFold2,ShallowMsa_054,5c1vB,0.8819102237886809,0.9486212144209148,-0.06671099063223396,Pipeline/FoldPairs/5c1vB_5c1vA/output_esmfold2/ShallowMsa_054.pdb,,-0.00066175287332354
ESMFold2_newmethod,ESMFold2,ShallowMsa_055,5c1vB,0.779639993205795,0.7774690028895505,0.00217099031624457,Pipeline/FoldPairs/5c1vB_5c1vA/output_esmfold2/ShallowMsa_055.pdb,,0.06822022807515499
ESMFold2_newmethod,ESMFold2,ShallowMsa_056,5c1vB,0.9190476725731467,0.9799919846033143,-0.06094431203016759,Pipeline/FoldPairs/5c1vB_5c1vA/output_esmfold2/ShallowMsa_056.pdb,,0.005104925728742826
ESMFold2_newmethod,ESMFold2,ShallowMsa_057,5c1vB,0.9055449636688556,0.9636376658211662,-0.05809270215231055,Pipeline/FoldPairs/5c1vB_5c1vA/output_esmfold2/ShallowMsa_057.pdb,,0.007956535606599868
ESMFold2_newmethod,ESMFold2,ShallowMsa_058,5c1vB,0.9092617982317002,0.9691333802813056,-0.05987158204960541,Pipeline/FoldPairs/5c1vB_5c1vA/output_esmfold2/ShallowMsa_058.pdb,,0.006177655709305008
ESMFold2_newmethod,ESMFold2,ShallowMsa_059,5c1vB,0.9374244865272598,0.9929137117582466,-0.05548922523098676,Pipeline/FoldPairs/5c1vB_5c1vA/output_esmfold2/ShallowMsa_059.pdb,,0.010560012527923657
ESMFold2_newmethod,ESMFold2,ShallowMsa_060,5c1vB,0.775401970138601,0.7719202028992467,0.0034817672393543386,Pipeline/FoldPairs/5c1vB_5c1vA/output_esmfold2/ShallowMsa_060.pdb,,0.06953100499826476
ESMFold2_newmethod,ESMFold2,ShallowMsa_061,5c1vB,0.906678231206528,0.9712096942825016,-0.06453146307597357,Pipeline/FoldPairs/5c1vB_5c1vA/output_esmfold2/ShallowMsa_061.pdb,,0.0015177746829368455
ESMFold2_newmethod,ESMFold2,ShallowMsa_062,5c1vB,0.9089435480418198,0.9755879208555095,-0.06664437281368973,Pipeline/FoldPairs/5c1vB_5c1vA/output_esmfold2/ShallowMsa_062.pdb,,-0.0005951350547793166
ESMFold2_newmethod,ESMFold2,ShallowMsa_063,5c1vB,0.9394899424972546,0.9733653184141108,-0.03387537591685619,Pipeline/FoldPairs/5c1vB_5c1vA/output_esmfold2/ShallowMsa_063.pdb,,0.03217386184205423
ESMFold2_newmethod,ESMFold2,ShallowMsa_064,5c1vB,0.9013914211223424,0.97182916007734,-0.07043773895499761,Pipeline/FoldPairs/5c1vB_5c1vA/output_esmfold2/ShallowMsa_064.pdb,,-0.004388501196087191
ESMFold2_newmethod,ESMFold2,ShallowMsa_065,5c1vB,0.9009597085331384,0.9697838353186271,-0.06882412678548866,Pipeline/FoldPairs/5c1vB_5c1vA/output_esmfold2/ShallowMsa_065.pdb,,-0.002774889026578242
ESMFold2_newmethod,ESMFold2,ShallowMsa_066,5c1vB,0.9004426561525963,0.9734117259350896,-0.07296906978249329,Pipeline/FoldPairs/5c1vB_5c1vA/output_esmfold2/ShallowMsa_066.pdb,,-0.0069198320235828725
ESMFold2_newmethod,ESMFold2,ShallowMsa_067,5c1vB,0.9097876251374141,0.9704248964979325,-0.06063727136051844,Pipeline/FoldPairs/5c1vB_5c1vA/output_esmfold2/ShallowMsa_067.pdb,,0.005411966398391976
ESMFold2_newmethod,ESMFold2,ShallowMsa_068,5c1vB,0.8891545973910582,0.9623579277314327,-0.07320333034037452,Pipeline/FoldPairs/5c1vB_5c1vA/output_esmfold2/ShallowMsa_068.pdb,,-0.0071540925814641
ESMFold2_newmethod,ESMFold2,ShallowMsa_069,5c1vB,0.7767019342342875,0.7732437045587477,0.00345822967553977,Pipeline/FoldPairs/5c1vB_5c1vA/output_esmfold2/ShallowMsa_069.pdb,,0.06950746743445019
ESMFold2_newmethod,ESMFold2,ShallowMsa_070,5c1vB,0.8774695791434801,0.9128554906869313,-0.035385911543451165,Pipeline/FoldPairs/5c1vB_5c1vA/output_esmfold2/ShallowMsa_070.pdb,,0.030663326215459252
ESMFold2_newmethod,ESMFold2,ShallowMsa_071,5c1vB,0.8658240221313479,0.8653921626819476,0.00043185944940027365,Pipeline/FoldPairs/5c1vB_5c1vA/output_esmfold2/ShallowMsa_071.pdb,,0.06648109720831069
ESMFold2_newmethod,ESMFold2,ShallowMsa_072,5c1vB,0.8852111961367604,0.9607746425025954,-0.07556344636583501,Pipeline/FoldPairs/5c1vB_5c1vA/output_esmfold2/ShallowMsa_072.pdb,,-0.00951420860692459
ESMFold2_newmethod,ESMFold2,ShallowMsa_073,5c1vB,0.9037213235924932,0.9846411458657001,-0.08091982227320682,Pipeline/FoldPairs/5c1vB_5c1vA/output_esmfold2/ShallowMsa_073.pdb,,-0.014870584514296403
ESMFold2_newmethod,ESMFold2,ShallowMsa_074,5c1vB,0.9008536445294012,0.9710678506639187,-0.07021420613451745,Pipeline/FoldPairs/5c1vB_5c1vA/output_esmfold2/ShallowMsa_074.pdb,,-0.004164968375607037
ESMFold2_newmethod,ESMFold2,ShallowMsa_075,5c1vB,0.8871735411526831,0.9728405392321359,-0.08566699807945277,Pipeline/FoldPairs/5c1vB_5c1vA/output_esmfold2/ShallowMsa_075.pdb,,-0.019617760320542355
ESMFold2_newmethod,ESMFold2,ShallowMsa_076,5c1vB,0.8992792240466047,0.97173930402119,-0.07246007997458537,Pipeline/FoldPairs/5c1vB_5c1vA/output_esmfold2/ShallowMsa_076.pdb,,-0.00641084221567495
ESMFold2_newmethod,ESMFold2,ShallowMsa_077,5c1vB,0.8976904772907548,0.9687341855011006,-0.07104370821034578,Pipeline/FoldPairs/5c1vB_5c1vA/output_esmfold2/ShallowMsa_077.pdb,,-0.004994470451435362
ESMFold2_newmethod,ESMFold2,ShallowMsa_078,5c1vB,0.9207900688657297,0.9773172111661513,-0.05652714230042166,Pipeline/FoldPairs/5c1vB_5c1vA/output_esmfold2/ShallowMsa_078.pdb,,0.009522095458488755
ESMFold2_newmethod,ESMFold2,ShallowMsa_079,5c1vB,0.9035305954480773,0.9707560955139793,-0.067225500065902,Pipeline/FoldPairs/5c1vB_5c1vA/output_esmfold2/ShallowMsa_079.pdb,,-0.0011762623069915823
ESMFold2_newmethod,ESMFold2,ShallowMsa_080,5c1vB,0.9024313014891994,0.9708650757588833,-0.06843377426968389,Pipeline/FoldPairs/5c1vB_5c1vA/output_esmfold2/ShallowMsa_080.pdb,,-0.0023845365107734717
ESMFold2_newmethod,ESMFold2,ShallowMsa_081,5c1vB,0.8979884522234872,0.9724629111374046,-0.07447445891391735,Pipeline/FoldPairs/5c1vB_5c1vA/output_esmfold2/ShallowMsa_081.pdb,,-0.008425221155006934
ESMFold2_newmethod,ESMFold2,ShallowMsa_082,5c1vB,0.82099402892927,0.9117211072986389,-0.09072707836936889,Pipeline/FoldPairs/5c1vB_5c1vA/output_esmfold2/ShallowMsa_082.pdb,,-0.024677840610458468
ESMFold2_newmethod,ESMFold2,ShallowMsa_083,5c1vB,0.8870931667315924,0.9595200044835624,-0.07242683775197001,Pipeline/FoldPairs/5c1vB_5c1vA/output_esmfold2/ShallowMsa_083.pdb,,-0.006377599993059591
ESMFold2_newmethod,ESMFold2,ShallowMsa_084,5c1vB,0.9064837975871975,0.9705542808331643,-0.06407048324596676,Pipeline/FoldPairs/5c1vB_5c1vA/output_esmfold2/ShallowMsa_084.pdb,,0.001978754512943659
ESMFold2_newmethod,ESMFold2,ShallowMsa_085,5c1vB,0.9301420606689738,0.928915143531833,0.0012269171371407372,Pipeline/FoldPairs/5c1vB_5c1vA/output_esmfold2/ShallowMsa_085.pdb,,0.06727615489605115
ESMFold2_newmethod,ESMFold2,ShallowMsa_086,5c1vB,0.9022299170657782,0.9736380228973348,-0.07140810583155666,Pipeline/FoldPairs/5c1vB_5c1vA/output_esmfold2/ShallowMsa_086.pdb,,-0.005358868072646239
ESMFold2_newmethod,ESMFold2,ShallowMsa_087,5c1vB,0.8958363252604226,0.9677771238068361,-0.07194079854641355,Pipeline/FoldPairs/5c1vB_5c1vA/output_esmfold2/ShallowMsa_087.pdb,,-0.005891560787503136
ESMFold2_newmethod,ESMFold2,ShallowMsa_088,5c1vB,0.9010381645120229,0.9642822085187003,-0.06324404400667738,Pipeline/FoldPairs/5c1vB_5c1vA/output_esmfold2/ShallowMsa_088.pdb,,0.0028051937522330372
ESMFold2_newmethod,ESMFold2,ShallowMsa_089,5c1vB,0.9182666752755252,0.9739549462187432,-0.05568827094321804,Pipeline/FoldPairs/5c1vB_5c1vA/output_esmfold2/ShallowMsa_089.pdb,,0.010360966815692374
ESMFold2_newmethod,ESMFold2,ShallowMsa_090,5c1vB,0.8247900964634639,0.8203346166666002,0.004455479796863671,Pipeline/FoldPairs/5c1vB_5c1vA/output_esmfold2/ShallowMsa_090.pdb,,0.07050471755577409
ESMFold2_newmethod,ESMFold2,ShallowMsa_091,5c1vB,0.8995296765681673,0.9723893009236443,-0.07285962435547699,Pipeline/FoldPairs/5c1vB_5c1vA/output_esmfold2/ShallowMsa_091.pdb,,-0.0068103865965665755
ESMFold2_newmethod,ESMFold2,ShallowMsa_092,5c1vB,0.8440371974401775,0.9412812358486565,-0.09724403840847906,Pipeline/FoldPairs/5c1vB_5c1vA/output_esmfold2/ShallowMsa_092.pdb,,-0.031194800649568644
ESMFold2_newmethod,ESMFold2,ShallowMsa_093,5c1vB,0.8923118161193686,0.9604833586531252,-0.06817154253375657,Pipeline/FoldPairs/5c1vB_5c1vA/output_esmfold2/ShallowMsa_093.pdb,,-0.002122304774846151
ESMFold2_newmethod,ESMFold2,ShallowMsa_094,5c1vB,0.9756931225506317,0.9746886397579176,0.0010044827927140343,Pipeline/FoldPairs/5c1vB_5c1vA/output_esmfold2/ShallowMsa_094.pdb,,0.06705372055162445
ESMFold2_newmethod,ESMFold2,ShallowMsa_095,5c1vB,0.9029710590750033,0.9588790704987892,-0.055908011423785875,Pipeline/FoldPairs/5c1vB_5c1vA/output_esmfold2/ShallowMsa_095.pdb,,0.010141226335124542
ESMFold2_newmethod,ESMFold2,ShallowMsa_096,5c1vB,0.8993536467944666,0.9606942040737106,-0.061340557279244035,Pipeline/FoldPairs/5c1vB_5c1vA/output_esmfold2/ShallowMsa_096.pdb,,0.004708680479666383
ESMFold2_newmethod,ESMFold2,ShallowMsa_097,5c1vB,0.8085199130620497,0.8049422230694614,0.00357768999258834,Pipeline/FoldPairs/5c1vB_5c1vA/output_esmfold2/ShallowMsa_097.pdb,,0.06962692775149876
ESMFold2_newmethod,ESMFold2,ShallowMsa_098,5c1vB,0.9133138817912438,0.9780062007858575,-0.0646923189946137,Pipeline/FoldPairs/5c1vB_5c1vA/output_esmfold2/ShallowMsa_098.pdb,,0.0013569187642967218
ESMFold2_newmethod,ESMFold2,ShallowMsa_099,5c1vB,0.9086637885190301,0.9055315813206155,0.0031322071984145605,Pipeline/FoldPairs/5c1vB_5c1vA/output_esmfold2/ShallowMsa_099.pdb,,0.06918144495732498
