pair_id,n_clusters,n_total_pdbs,mean_pairwise_TM,median_pairwise_TM,min_pairwise_TM,max_pairwise_TM,std_pairwise_TM
1dzlA_5keqF,10,10,0.6621314883232117,0.7739806771278381,0.2543201148509979,0.9991586208343506,0.26083511114120483
1eboE_5fhcJ,4,4,0.42986229062080383,0.35745179653167725,0.25751879811286926,0.8511220216751099,0.2075643539428711
1fzpD_2frhA,16,16,0.5071830153465271,0.46402812004089355,0.22888188064098358,0.9995512962341309,0.17290619015693665
1iytA_2naoF,2,2,1.0,1.0,1.0,1.0,0.0
1jfkA_2nxqB,42,42,0.5255541801452637,0.4744838774204254,0.19534173607826233,1.0,0.16893865168094635
1kctA_3t1pA,40,40,0.995722770690918,0.9989994168281555,0.977746307849884,1.0,0.0056816148571670055
1miqB_1qs8B,30,30,0.947546124458313,0.9642390012741089,0.8461577892303467,1.0,0.06417734920978546
1mnmD_1mnmC,40,40,0.6436848640441895,0.6858363747596741,0.25440165400505066,1.0,0.16875582933425903
1nocA_1qomB,38,38,0.9039483070373535,0.9093462824821472,0.7393060922622681,0.9977535009384155,0.043944038450717926
1nqjB_1nqdA,30,30,0.5959354639053345,0.5963677167892456,0.25247421860694885,1.0,0.20214827358722687
1nrjB_2gedB,36,36,0.6932424306869507,0.6843993663787842,0.42225831747055054,0.9740110039710999,0.12307896465063095
1qb3A_3qy2A,40,40,0.8219591975212097,0.8322250843048096,0.5368873476982117,0.9941105842590332,0.09741721302270889
1qlnA_1h38D,20,20,0.8784181475639343,0.7756198644638062,0.7641651034355164,1.0,0.11238206923007965
1rk4B_1k0nA,32,32,0.7317843437194824,0.7313104867935181,0.4228222966194153,0.9964207410812378,0.12775996327400208
1svfC_4wsgC,2,2,0.6319902539253235,0.6319902539253235,0.6319902539253235,0.6319902539253235,0.0
1wp8C_5ejbC,2,2,0.4597957730293274,0.4597957730293274,0.4597957730293274,0.4597957730293274,0.0
1x0gD_1x0gA,42,42,0.7772925496101379,0.7918029427528381,0.43292301893234253,0.996950089931488,0.10645905137062073
1xezA_3o44A,2,2,0.8254636526107788,0.8254636526107788,0.8254636526107788,0.8254636526107788,0.0
1xjuB_1xjtA,36,36,0.6347184181213379,0.6587396860122681,0.2324153035879135,0.9994678497314453,0.14174099266529083
1xtgB_3j97M,40,40,0.8735136389732361,0.9359349012374878,0.3886229395866394,1.0,0.14237353205680847
1zk9A_3jv6A,40,40,0.8597441911697388,0.894800066947937,0.5388488173484802,0.998363196849823,0.10347285121679306
2bzyB_2lqwA,8,8,0.3902326226234436,0.28175732493400574,0.10381046682596207,0.9695903658866882,0.24699465930461884
2c1vB_2c1uC,36,36,0.8683853149414062,0.8673766255378723,0.6864340305328369,0.9962420463562012,0.06235475838184357
2h44A_1rkpA,40,40,0.9872588515281677,0.9970730543136597,0.9505528211593628,1.0,0.0204634889960289
2jmrA_4j3oF,40,40,0.7873340845108032,0.7995609045028687,0.5088606476783752,1.0,0.08967665582895279
2k42A_1ceeB,40,40,0.5119560956954956,0.49370646476745605,0.26178303360939026,0.9138659238815308,0.13230158388614655
2kb8A_6vw2A,4,4,0.45698094367980957,0.3828708231449127,0.22580398619174957,1.0,0.27611634135246277
2kkwA_2n0aD,6,6,0.5380135178565979,0.4406142830848694,0.3366190791130066,1.0,0.23798872530460358
2lelA_2k0qA,2,2,1.0,1.0,1.0,1.0,0.0
2lepA_4hddA,40,40,0.5839816927909851,0.5125592947006226,0.2868039906024933,0.9838331937789917,0.18215306103229523
2lv1A_6lniA,6,6,0.5804649591445923,0.5756162405014038,0.23481903970241547,0.9939926266670227,0.2792503833770752
2mwfA_2nntA,42,42,0.7281618714332581,0.7318580150604248,0.23083871603012085,0.9858519434928894,0.14356715977191925
2n54B_2hdmA,42,42,0.7576143145561218,0.7668583989143372,0.33606329560279846,0.9899266362190247,0.11677447706460953
2namA_1uxmK,42,42,0.875113308429718,0.9224792718887329,0.3900928199291229,1.0,0.13707774877548218
2p3vD_2p3vA,38,38,0.8687321543693542,0.8708774447441101,0.700097918510437,1.0,0.06527233868837357
2pbkB_3njqA,2,2,0.8024742007255554,0.8024742007255554,0.8024742007255554,0.8024742007255554,0.0
2qqjA_4qdsA,36,36,0.6627879738807678,0.7056967616081238,0.17393213510513306,0.9748440384864807,0.1840127855539322
2uy7D_5fluE,42,42,0.7545429468154907,0.7517063617706299,0.5347660183906555,0.9843118786811829,0.07920809835195541
2vfxL_3gmhL,40,40,0.8329730033874512,0.8678520917892456,0.3223079442977905,0.9940569996833801,0.15037401020526886
2wcdX_4phqA,2,2,0.9898543953895569,0.9898543953895569,0.9898543953895569,0.9898543953895569,0.0
2z9oB_1repC,32,32,0.551826000213623,0.5368164777755737,0.37858977913856506,0.8654289841651917,0.10147496312856674
3g0hA_3ewsB,36,36,0.8509039282798767,0.7261890769004822,0.7088001370429993,1.0,0.14232036471366882
3hdfA_3hdeA,42,42,0.7115492820739746,0.6972330212593079,0.4361245036125183,1.0,0.08929184079170227
3j7vG_3j7wB,10,10,0.768642246723175,0.7501638531684875,0.3708617687225342,0.9998900890350342,0.17614813148975372
3kdsG_2ce7C,38,38,0.6666378974914551,0.6322389245033264,0.20691901445388794,0.9974991083145142,0.15118472278118134
3l5nB_2a73B,28,28,0.8788729906082153,0.8369432687759399,0.6855107545852661,1.0,0.10813584178686142
3l9qB_4rr2D,28,28,0.8438478708267212,0.9088435173034668,0.2638268768787384,0.9943497776985168,0.15482553839683533
3lowA_3m1bF,40,40,0.8387718796730042,0.8380933403968811,0.6081745028495789,1.0,0.07610684633255005
3lqcA_1xntA,22,22,0.8099263310432434,0.8483620882034302,0.44863107800483704,1.0,0.15696899592876434
3m7pA_3ejhA,14,14,0.3240579664707184,0.30005040764808655,0.10950693488121033,0.6502925157546997,0.12670184671878815
3meeA_4b3oB,20,20,0.6657538414001465,0.5754414796829224,0.38425499200820923,1.0,0.22900129854679108
3mkoA_5ineA,2,2,0.3479219079017639,0.3479219079017639,0.3479219079017639,0.3479219079017639,0.0
3r9jC_2kxoA,40,40,0.45991256833076477,0.44736140966415405,0.23592552542686462,0.8930424451828003,0.10611306130886078
3t5oA_4a5wB,4,4,0.5070497393608093,0.497955858707428,0.3482711613178253,0.7078893780708313,0.1557561457157135
3v0tA_3uyiA,40,40,0.9071483612060547,0.9226467609405518,0.6994168162345886,0.9903576374053955,0.050596702843904495
3ztjE_5hmgA,10,10,0.6096910834312439,0.5218690633773804,0.4389265179634094,0.9915869832038879,0.15549437701702118
4aalA_4aanA,38,38,0.9068173170089722,0.9051930904388428,0.7705252170562744,1.0,0.046189356595277786
4cmqB_4zt0C,14,14,0.7904491424560547,0.7465753555297852,0.45673468708992004,1.0,0.16224299371242523
4dxrA_4dxtA,40,40,0.8187050819396973,0.8162289261817932,0.7253308892250061,1.0,0.04610973969101906
4gqcB_4gqcC,42,42,0.8502362966537476,0.8452898859977722,0.6775915622711182,1.0,0.0611630454659462
4h2aA_3j9cA,6,6,0.856212317943573,0.9355493187904358,0.5378957390785217,0.9916548132896423,0.16171866655349731
4n9wA_4nc9C,34,34,0.925537109375,0.9013615846633911,0.8131222128868103,1.0,0.06539426743984222
4o01D_4o0pA,32,32,0.9279851317405701,0.9097350239753723,0.8358743190765381,1.0,0.05717448145151138
4pyjA_4pyiA,38,38,0.8387453556060791,0.8840857148170471,0.5324022769927979,1.0,0.12030159682035446
4q79F_4uv2D,38,38,0.6607392430305481,0.6929845809936523,0.3599327504634857,0.9409512281417847,0.14014676213264465
4qhhA_4qhfA,20,20,0.4954114854335785,0.4686519503593445,0.23884932696819305,1.0,0.15845675766468048
4rwqB_4rwnA,22,22,0.8552021384239197,0.8770941495895386,0.6067157983779907,1.0,0.11691571027040482
4tsyD_3zwgN,2,2,0.9882122278213501,0.9882122278213501,0.9882122278213501,0.9882122278213501,0.0
4xwsD_4y0mJ,40,40,0.8150025010108948,0.8552371263504028,0.39568063616752625,0.9761114716529846,0.12142553925514221
4ydqB_4twaA,34,34,0.9932073354721069,0.9985244870185852,0.9747501611709595,1.0,0.009598316624760628
4yhdG_7ahlE,4,4,0.7188334465026855,0.6951044797897339,0.6263664960861206,0.949210524559021,0.10922414064407349
4zrbH_4zrbC,42,42,0.7832169532775879,0.8034555912017822,0.408756822347641,1.0,0.11205894500017166
5bmyA_5b3zA,32,32,0.9645761251449585,0.956512451171875,0.9181634783744812,1.0,0.03331450745463371
5c1vB_5c1vA,36,36,0.8471004366874695,0.8796655535697937,0.43508854508399963,0.999584436416626,0.1279485672712326
5et5A_3ifaA,40,40,0.8907771110534668,0.9098162651062012,0.6516069769859314,1.0,0.06739886850118637
5f5rB_5f3kA,38,38,0.8199837803840637,0.818549633026123,0.6062004566192627,0.9752434492111206,0.06904258579015732
5hk5H_4jphB,24,24,0.6238727569580078,0.6356033086776733,0.3822179436683655,1.0,0.12817738950252533
5i2sA_5i2mA,2,2,0.8388014435768127,0.8388014435768127,0.8388014435768127,0.8388014435768127,0.0
5jytA_2qkeE,44,44,0.7902159690856934,0.8269919157028198,0.41408002376556396,0.9853972792625427,0.13101781904697418
5jztG_5jzhA,2,2,0.9206562042236328,0.9206562042236328,0.9206562042236328,0.9206562042236328,0.0
5l35G_5l35D,2,2,1.0,1.0,1.0,1.0,0.0
5lj3M_3tp2A,12,12,0.7263655066490173,0.812514066696167,0.2468848079442978,0.9972543120384216,0.2240285873413086
5ly6B_5aoeB,8,8,0.9833436608314514,0.9911348223686218,0.9602066874504089,1.0,0.01604028232395649
5wrgC_1wyyB,4,4,0.489485502243042,0.5109951496124268,0.11417999118566513,0.8463893532752991,0.2136986404657364
6c6sD_2ougC,38,38,0.6332129240036011,0.6129952073097229,0.40054383873939514,1.0,0.10688641667366028
