pair_id,cluster,n_seqs,mean_pid_to_query,median_pid_to_query
1dzlA_5keqF,ShallowMsa_000,483,0.4963810796681602,0.4911111111111111
1dzlA_5keqF,ShallowMsa_001,278,0.5047724823509169,0.5022026431718062
1dzlA_5keqF,ShallowMsa_002,227,0.5393560619938017,0.5290178571428571
1dzlA_5keqF,ShallowMsa_004,217,0.5902776391583786,0.5555555555555556
1dzlA_5keqF,ShallowMsa_005,207,0.5330159302994727,0.5330396475770925
1eboE_5fhcJ,ShallowMsa_000,825,0.3416218870702409,0.31645569620253167
1eboE_5fhcJ,ShallowMsa_001,201,0.3161884881640975,0.3148148148148148
1fzpD_2frhA,ShallowMsa_000,338,0.26014155135328226,0.2564102564102564
1fzpD_2frhA,ShallowMsa_001,320,0.29282391149764264,0.2857142857142857
1fzpD_2frhA,ShallowMsa_002,279,0.49373037189872165,0.3763440860215054
1fzpD_2frhA,ShallowMsa_003,215,0.3187825696601511,0.28205128205128205
1fzpD_2frhA,ShallowMsa_004,211,0.25113859185555043,0.25
1fzpD_2frhA,ShallowMsa_005,203,0.257892888450719,0.2564102564102564
1fzpD_2frhA,ShallowMsa_006,202,0.25510789077358625,0.25
1fzpD_2frhA,ShallowMsa_007,201,0.25503087532356217,0.2558139534883721
1iytA_2naoF,ShallowMsa_000,149,0.8577270824088281,0.8571428571428571
1jfkA_2nxqB,ShallowMsa_000,2954,0.2902629888003211,0.2857142857142857
1jfkA_2nxqB,ShallowMsa_001,1518,0.2852887858084373,0.2823504063038661
1jfkA_2nxqB,ShallowMsa_002,1133,0.29738508277333553,0.29310344827586204
1jfkA_2nxqB,ShallowMsa_003,1069,0.3005024030152817,0.29457364341085274
1jfkA_2nxqB,ShallowMsa_004,859,0.26615399993595923,0.26666666666666666
1jfkA_2nxqB,ShallowMsa_005,698,0.30157586812913756,0.29508196721311475
1jfkA_2nxqB,ShallowMsa_006,680,0.2836438768281356,0.2786885245901639
1jfkA_2nxqB,ShallowMsa_007,632,0.27699591595404655,0.27419354838709675
1jfkA_2nxqB,ShallowMsa_008,628,0.2754746587632725,0.2734375
1jfkA_2nxqB,ShallowMsa_009,575,0.28740829464702233,0.2807017543859649
1jfkA_2nxqB,ShallowMsa_010,562,0.27745631940233484,0.27586206896551724
1jfkA_2nxqB,ShallowMsa_011,557,0.280782433907383,0.28
1jfkA_2nxqB,ShallowMsa_012,548,0.2779514439079268,0.27346041055718473
1jfkA_2nxqB,ShallowMsa_013,538,0.2830398191093297,0.2807017543859649
1jfkA_2nxqB,ShallowMsa_014,525,0.2965928725767794,0.2903225806451613
1jfkA_2nxqB,ShallowMsa_015,519,0.2805796181511932,0.2786885245901639
1jfkA_2nxqB,ShallowMsa_016,480,0.3003421780568939,0.29508196721311475
1jfkA_2nxqB,ShallowMsa_017,478,0.2794300390840394,0.27586206896551724
1jfkA_2nxqB,ShallowMsa_018,433,0.2751852354211818,0.273972602739726
1jfkA_2nxqB,ShallowMsa_019,414,0.2845163797035671,0.28125
1jfkA_2nxqB,ShallowMsa_020,337,0.28115308731720084,0.27586206896551724
1kctA_3t1pA,ShallowMsa_000,4944,0.29193482141998534,0.2880886426592798
1kctA_3t1pA,ShallowMsa_001,1629,0.2933245189324095,0.29041095890410956
1kctA_3t1pA,ShallowMsa_002,1102,0.295215422438718,0.29526462395543174
1kctA_3t1pA,ShallowMsa_003,1033,0.2810042160055146,0.28019323671497587
1kctA_3t1pA,ShallowMsa_004,1003,0.45873284602065967,0.4644808743169399
1kctA_3t1pA,ShallowMsa_005,976,0.4405985483154698,0.44594594594594594
1kctA_3t1pA,ShallowMsa_006,922,0.3086989264542629,0.30876881502852443
1kctA_3t1pA,ShallowMsa_007,866,0.42953272827747374,0.43902439024390244
1kctA_3t1pA,ShallowMsa_008,856,0.5446812103706409,0.5
1kctA_3t1pA,ShallowMsa_009,597,0.2940829053111189,0.29285714285714287
1kctA_3t1pA,ShallowMsa_010,596,0.29166689713924887,0.28992753623188405
1kctA_3t1pA,ShallowMsa_011,588,0.2831206399592449,0.2824858757062147
1kctA_3t1pA,ShallowMsa_012,566,0.30730123139400045,0.3061511121302454
1kctA_3t1pA,ShallowMsa_013,553,0.28952859129509523,0.2869318181818182
1kctA_3t1pA,ShallowMsa_014,469,0.38820772282956884,0.41778975741239893
1kctA_3t1pA,ShallowMsa_015,454,0.2923068035400246,0.29085872576177285
1kctA_3t1pA,ShallowMsa_016,359,0.2822573389072915,0.2822822822822823
1kctA_3t1pA,ShallowMsa_017,310,0.2940573944736532,0.29271109058286404
1kctA_3t1pA,ShallowMsa_018,306,0.28764943147344035,0.28895184135977336
1kctA_3t1pA,ShallowMsa_019,288,0.27494976182106207,0.2732399288346677
1miqB_1qs8B,ShallowMsa_000,2232,0.29844917365698403,0.2930169618067707
1miqB_1qs8B,ShallowMsa_001,1808,0.2967371845640895,0.2953846153846154
1miqB_1qs8B,ShallowMsa_002,1384,0.280594930095928,0.27862997658079625
1miqB_1qs8B,ShallowMsa_003,1347,0.29541792699907127,0.29153605015673983
1miqB_1qs8B,ShallowMsa_004,911,0.289656351169011,0.28923076923076924
1miqB_1qs8B,ShallowMsa_005,908,0.3411835383186146,0.3201775735508869
1miqB_1qs8B,ShallowMsa_006,834,0.2778383941284575,0.2777777777777778
1miqB_1qs8B,ShallowMsa_007,797,0.313928335303578,0.3157894736842105
1miqB_1qs8B,ShallowMsa_008,690,0.27263226715881433,0.2709677419354839
1miqB_1qs8B,ShallowMsa_009,688,0.28495155323690197,0.2838913198331129
1miqB_1qs8B,ShallowMsa_010,617,0.3022840877603321,0.3037974683544304
1miqB_1qs8B,ShallowMsa_011,529,0.28279053390872,0.28135593220338984
1miqB_1qs8B,ShallowMsa_012,496,0.3117203278441007,0.29888692652072124
1miqB_1qs8B,ShallowMsa_013,398,0.2807621010546086,0.2805866070478016
1miqB_1qs8B,ShallowMsa_014,388,0.310129352128065,0.29731105521619355
1mnmD_1mnmC,ShallowMsa_000,619,0.32708913149203267,0.32142857142857145
1mnmD_1mnmC,ShallowMsa_001,532,0.3202880414634389,0.30495169082125606
1mnmD_1mnmC,ShallowMsa_002,415,0.2973533619515299,0.2894736842105263
1mnmD_1mnmC,ShallowMsa_003,385,0.29365161104721804,0.2878787878787879
1mnmD_1mnmC,ShallowMsa_004,348,0.30423874814781554,0.30357142857142855
1mnmD_1mnmC,ShallowMsa_005,342,0.28862800304931185,0.2919871794871795
1mnmD_1mnmC,ShallowMsa_006,316,0.28033348517301415,0.2777777777777778
1mnmD_1mnmC,ShallowMsa_007,313,0.29033067782610555,0.2857142857142857
1mnmD_1mnmC,ShallowMsa_008,311,0.33288100753077793,0.3275862068965517
1mnmD_1mnmC,ShallowMsa_009,309,0.3722330162983465,0.36923076923076925
1mnmD_1mnmC,ShallowMsa_010,307,0.3123281386010225,0.3103448275862069
1mnmD_1mnmC,ShallowMsa_011,299,0.2929505061936105,0.288135593220339
1mnmD_1mnmC,ShallowMsa_012,290,0.3119400684200206,0.3114754098360656
1mnmD_1mnmC,ShallowMsa_013,276,0.29320833188235473,0.2903225806451613
1mnmD_1mnmC,ShallowMsa_014,274,0.28239074854979956,0.28
1mnmD_1mnmC,ShallowMsa_015,256,0.31266007461738454,0.30612244897959184
1mnmD_1mnmC,ShallowMsa_016,254,0.3050350534708076,0.30357142857142855
1mnmD_1mnmC,ShallowMsa_017,242,0.3314213264581698,0.3275862068965517
1mnmD_1mnmC,ShallowMsa_018,234,0.33369937253088583,0.3333333333333333
1mnmD_1mnmC,ShallowMsa_019,227,0.30924099627721274,0.30434782608695654
1nocA_1qomB,ShallowMsa_000,692,0.47924263762668734,0.45428422152560083
1nocA_1qomB,ShallowMsa_001,655,0.46513871122422984,0.4422535211267606
1nocA_1qomB,ShallowMsa_002,652,0.46760486791070194,0.4689346393214464
1nocA_1qomB,ShallowMsa_003,577,0.4358528134505924,0.43342776203966005
1nocA_1qomB,ShallowMsa_004,553,0.4517450407879585,0.4550561797752809
1nocA_1qomB,ShallowMsa_005,501,0.4217620003693439,0.42735042735042733
1nocA_1qomB,ShallowMsa_006,489,0.8092553431740097,0.816711590296496
1nocA_1qomB,ShallowMsa_007,473,0.6500767156978272,0.660377358490566
1nocA_1qomB,ShallowMsa_008,440,0.5943141958543531,0.5986183087604939
1nocA_1qomB,ShallowMsa_009,403,0.4411643134709167,0.4444444444444444
1nocA_1qomB,ShallowMsa_010,392,0.4028902853641184,0.3977099611774534
1nocA_1qomB,ShallowMsa_011,356,0.7996088255482683,0.816711590296496
1nocA_1qomB,ShallowMsa_012,349,0.4615159064983433,0.46131805157593125
1nocA_1qomB,ShallowMsa_013,334,0.4601664073367635,0.4630681818181818
1nocA_1qomB,ShallowMsa_014,329,0.40243506365827375,0.4046242774566474
1nocA_1qomB,ShallowMsa_015,317,0.3901000399919815,0.39215686274509803
1nocA_1qomB,ShallowMsa_016,316,0.42934324034987115,0.4221556886227545
1nocA_1qomB,ShallowMsa_017,311,0.4637324099036095,0.463768115942029
1nocA_1qomB,ShallowMsa_018,258,0.5735660858084436,0.5783669385870401
1nqjB_1nqdA,ShallowMsa_000,479,0.29093300508723835,0.2897196261682243
1nqjB_1nqdA,ShallowMsa_001,345,0.2964060741266255,0.29357798165137616
1nqjB_1nqdA,ShallowMsa_002,330,0.3632806812895263,0.3411711711711712
1nqjB_1nqdA,ShallowMsa_003,300,0.3109725768452816,0.3076923076923077
1nqjB_1nqdA,ShallowMsa_004,289,0.2966165311396088,0.2978723404255319
1nqjB_1nqdA,ShallowMsa_005,276,0.3803589575407129,0.38461538461538464
1nqjB_1nqdA,ShallowMsa_006,248,0.28996292526487766,0.2876712328767123
1nqjB_1nqdA,ShallowMsa_007,232,0.30455086043356117,0.3023255813953488
1nqjB_1nqdA,ShallowMsa_008,230,0.3014269069186019,0.2891566265060241
1nqjB_1nqdA,ShallowMsa_009,228,0.29917176115356314,0.2978723404255319
1nqjB_1nqdA,ShallowMsa_010,226,0.3205654278944432,0.3177570093457944
1nqjB_1nqdA,ShallowMsa_011,222,0.28748066103200337,0.28865979381443296
1nqjB_1nqdA,ShallowMsa_012,220,0.2732208573849459,0.2714363487886762
1nqjB_1nqdA,ShallowMsa_013,210,0.29158189291169073,0.29128787878787876
1nqjB_1nqdA,ShallowMsa_014,208,0.2902896520691524,0.28846153846153844
1nrjB_2gedB,ShallowMsa_000,388,0.30597962777267346,0.30708661417322836
1nrjB_2gedB,ShallowMsa_001,380,0.32322638503117784,0.3228346456692913
1nrjB_2gedB,ShallowMsa_002,351,0.33092107451224023,0.32978723404255317
1nrjB_2gedB,ShallowMsa_003,348,0.3849218748707088,0.35120759056929274
1nrjB_2gedB,ShallowMsa_004,345,0.3308214180788401,0.32450331125827814
1nrjB_2gedB,ShallowMsa_005,330,0.36922104920341015,0.3670212765957447
1nrjB_2gedB,ShallowMsa_006,329,0.3939979535426354,0.3937007874015748
1nrjB_2gedB,ShallowMsa_007,305,0.33996289225789533,0.33962264150943394
1nrjB_2gedB,ShallowMsa_008,292,0.32361817135325766,0.3221739739459308
1nrjB_2gedB,ShallowMsa_009,278,0.3278302689510589,0.32585630743525484
1nrjB_2gedB,ShallowMsa_010,275,0.35500796713989397,0.3564356435643564
1nrjB_2gedB,ShallowMsa_011,250,0.3340758312369565,0.3333333333333333
1nrjB_2gedB,ShallowMsa_012,249,0.3205932204942222,0.32
1nrjB_2gedB,ShallowMsa_013,247,0.322820059462782,0.3163265306122449
1nrjB_2gedB,ShallowMsa_014,233,0.30608734558735406,0.3021978021978022
1nrjB_2gedB,ShallowMsa_015,229,0.31940075754341013,0.31932773109243695
1nrjB_2gedB,ShallowMsa_016,218,0.43807699958030616,0.3816793893129771
1nrjB_2gedB,ShallowMsa_017,213,0.36322888301567496,0.36065573770491804
1qb3A_3qy2A,ShallowMsa_000,622,0.5343695316681255,0.5384615384615384
1qb3A_3qy2A,ShallowMsa_001,537,0.5488262508484215,0.56
1qb3A_3qy2A,ShallowMsa_002,375,0.5382562338368462,0.5416666666666666
1qb3A_3qy2A,ShallowMsa_003,330,0.7378672716858209,0.7232909005186232
1qb3A_3qy2A,ShallowMsa_004,329,0.4420957449594897,0.4383561643835616
1qb3A_3qy2A,ShallowMsa_005,306,0.7011866492052012,0.7052631578947368
1qb3A_3qy2A,ShallowMsa_006,292,0.5349321730547381,0.5289491298527443
1qb3A_3qy2A,ShallowMsa_007,287,0.48704954813295837,0.4880952380952381
1qb3A_3qy2A,ShallowMsa_008,277,0.5548066509033841,0.5571428571428572
1qb3A_3qy2A,ShallowMsa_009,273,0.5531120745054643,0.5633802816901409
1qb3A_3qy2A,ShallowMsa_010,266,0.6407866446323909,0.6451612903225806
1qb3A_3qy2A,ShallowMsa_011,263,0.456376371123795,0.45348837209302323
1qb3A_3qy2A,ShallowMsa_012,263,0.39651874457699027,0.379746835443038
1qb3A_3qy2A,ShallowMsa_013,246,0.5553363203191933,0.5633802816901409
1qb3A_3qy2A,ShallowMsa_014,239,0.5039124760026066,0.5076923076923077
1qb3A_3qy2A,ShallowMsa_015,237,0.5365700916023872,0.5352112676056338
1qb3A_3qy2A,ShallowMsa_016,236,0.5234689868555567,0.5253205128205128
1qb3A_3qy2A,ShallowMsa_017,230,0.5262823684083624,0.5253530166880616
1qb3A_3qy2A,ShallowMsa_018,227,0.5391688179420561,0.5384615384615384
1qb3A_3qy2A,ShallowMsa_019,222,0.4896426286498961,0.48808848553601814
1qlnA_1h38D,ShallowMsa_001,916,0.32112273772922517,0.31307125989720797
1qlnA_1h38D,ShallowMsa_002,560,0.4746489345612665,0.4007719047296884
1qlnA_1h38D,ShallowMsa_003,507,0.32196531524281774,0.3195739014647137
1qlnA_1h38D,ShallowMsa_004,495,0.34985032910082137,0.3472906403940887
1qlnA_1h38D,ShallowMsa_005,493,0.2938328538778976,0.2902208201892745
1qlnA_1h38D,ShallowMsa_006,337,0.2898276837594722,0.2862595419847328
1qlnA_1h38D,ShallowMsa_007,303,0.31068059893823297,0.304
1qlnA_1h38D,ShallowMsa_008,289,0.2975469366804726,0.29658792650918636
1qlnA_1h38D,ShallowMsa_009,260,0.32782525439549565,0.3016818706833557
1qlnA_1h38D,ShallowMsa_010,258,0.30648681156027263,0.3058064516129032
1rk4B_1k0nA,ShallowMsa_000,529,0.5883968239937458,0.6551724137931034
1rk4B_1k0nA,ShallowMsa_001,365,0.6956607546974751,0.6354679802955665
1rk4B_1k0nA,ShallowMsa_002,350,0.5073118144588659,0.5514018691588785
1rk4B_1k0nA,ShallowMsa_003,318,0.2818957179726317,0.2804232804232804
1rk4B_1k0nA,ShallowMsa_004,285,0.28319988506444893,0.28160919540229884
1rk4B_1k0nA,ShallowMsa_005,280,0.643754620206875,0.5915071770334928
1rk4B_1k0nA,ShallowMsa_006,272,0.2863381585848665,0.28147007042253525
1rk4B_1k0nA,ShallowMsa_007,265,0.26994305999205953,0.26842105263157895
1rk4B_1k0nA,ShallowMsa_008,258,0.2896948426858533,0.2857142857142857
1rk4B_1k0nA,ShallowMsa_009,257,0.5702113074540599,0.5714285714285714
1rk4B_1k0nA,ShallowMsa_010,253,0.4476223393127455,0.4090909090909091
1rk4B_1k0nA,ShallowMsa_011,247,0.5349001928715859,0.5414634146341464
1rk4B_1k0nA,ShallowMsa_012,242,0.6075949247772329,0.6097560975609756
1rk4B_1k0nA,ShallowMsa_013,238,0.33281826869653597,0.32851476881327624
1rk4B_1k0nA,ShallowMsa_014,235,0.3309037875710732,0.3229166666666667
1rk4B_1k0nA,ShallowMsa_015,233,0.49231023661101336,0.5102040816326531
1svfC_4wsgC,ShallowMsa_000,268,0.40187034094292606,0.4032258064516129
1wp8C_5ejbC,ShallowMsa_000,274,0.3229157226161247,0.31746031746031744
1x0gD_1x0gA,ShallowMsa_000,4683,0.3137722145042788,0.30392156862745096
1x0gD_1x0gA,ShallowMsa_001,1956,0.30375587057286163,0.3020833333333333
1x0gD_1x0gA,ShallowMsa_002,614,0.2933288158446021,0.2895058494848961
1x0gD_1x0gA,ShallowMsa_003,598,0.4142917278420252,0.4184859990507831
1x0gD_1x0gA,ShallowMsa_004,571,0.2947898216046397,0.29292929292929293
1x0gD_1x0gA,ShallowMsa_005,534,0.30402170517983573,0.30102307130180606
1x0gD_1x0gA,ShallowMsa_006,465,0.33126181649444375,0.32653061224489793
1x0gD_1x0gA,ShallowMsa_007,454,0.32130575640790443,0.3163265306122449
1x0gD_1x0gA,ShallowMsa_008,452,0.29267030968483093,0.28794691818381224
1x0gD_1x0gA,ShallowMsa_009,427,0.30046111412889837,0.29411764705882354
1x0gD_1x0gA,ShallowMsa_010,388,0.29609876398941737,0.2922979797979798
1x0gD_1x0gA,ShallowMsa_011,353,0.2908470912914295,0.2891566265060241
1x0gD_1x0gA,ShallowMsa_012,353,0.3085682873837223,0.3023255813953488
1x0gD_1x0gA,ShallowMsa_013,340,0.2920519294970073,0.2891566265060241
1x0gD_1x0gA,ShallowMsa_014,331,0.3302066727328163,0.3235294117647059
1x0gD_1x0gA,ShallowMsa_015,322,0.32779871873228694,0.32
1x0gD_1x0gA,ShallowMsa_016,293,0.30770375028319336,0.30392156862745096
1x0gD_1x0gA,ShallowMsa_017,278,0.30172980483643647,0.2978723404255319
1x0gD_1x0gA,ShallowMsa_018,276,0.28612937553584633,0.28421052631578947
1x0gD_1x0gA,ShallowMsa_019,257,0.3152590594638547,0.3163265306122449
1x0gD_1x0gA,ShallowMsa_020,230,0.2828732318618155,0.27636896342695494
1xezA_3o44A,ShallowMsa_000,382,0.5476735346015221,0.5322147416890501
1xjuB_1xjtA,ShallowMsa_000,325,0.3219064894729921,0.32116788321167883
1xjuB_1xjtA,ShallowMsa_001,300,0.32888924770008365,0.3307389460932768
1xjuB_1xjtA,ShallowMsa_002,288,0.46333278820613977,0.4642857142857143
1xjuB_1xjtA,ShallowMsa_003,279,0.35505925768086943,0.3333333333333333
1xjuB_1xjtA,ShallowMsa_004,278,0.3647195322582358,0.3686061381074169
1xjuB_1xjtA,ShallowMsa_005,277,0.5482608646404726,0.55
1xjuB_1xjtA,ShallowMsa_006,269,0.3562801302651783,0.3253012048192771
1xjuB_1xjtA,ShallowMsa_007,243,0.3505946084942248,0.3484848484848485
1xjuB_1xjtA,ShallowMsa_008,240,0.37465769168449403,0.37410071942446044
1xjuB_1xjtA,ShallowMsa_009,232,0.37126722553401464,0.3695652173913043
1xjuB_1xjtA,ShallowMsa_010,220,0.42157066320792014,0.4190100679462382
1xjuB_1xjtA,ShallowMsa_011,217,0.3255193493428844,0.32323232323232326
1xjuB_1xjtA,ShallowMsa_012,216,0.40150413714960254,0.4013605442176871
1xjuB_1xjtA,ShallowMsa_013,211,0.3181853123599062,0.31851851851851853
1xjuB_1xjtA,ShallowMsa_014,210,0.32083514651119605,0.31851851851851853
1xjuB_1xjtA,ShallowMsa_015,209,0.309319397277555,0.312
1xjuB_1xjtA,ShallowMsa_016,209,0.5260435259881743,0.47297297297297297
1xjuB_1xjtA,ShallowMsa_017,207,0.330096188256746,0.3308270676691729
1xtgB_3j97M,ShallowMsa_000,971,0.4258692030876777,0.3508771929824561
1xtgB_3j97M,ShallowMsa_001,303,0.465185276611158,0.5
1xtgB_3j97M,ShallowMsa_002,703,0.30432620224325996,0.2982456140350877
1xtgB_3j97M,ShallowMsa_003,586,0.3803313396663203,0.39655172413793105
1xtgB_3j97M,ShallowMsa_004,564,0.39955244613697943,0.3448275862068966
1xtgB_3j97M,ShallowMsa_005,501,0.5727558548346241,0.5862068965517241
1xtgB_3j97M,ShallowMsa_006,520,0.289228348782934,0.28708791208791207
1xtgB_3j97M,ShallowMsa_007,505,0.31180122236773955,0.3103448275862069
1xtgB_3j97M,ShallowMsa_008,445,0.4546661546860669,0.47368421052631576
1xtgB_3j97M,ShallowMsa_009,462,0.29852252569837723,0.2982456140350877
1xtgB_3j97M,ShallowMsa_010,446,0.24910762328325056,0.24561403508771928
1xtgB_3j97M,ShallowMsa_011,399,0.3002584348745857,0.2982456140350877
1xtgB_3j97M,ShallowMsa_012,455,0.2578704397249895,0.25
1xtgB_3j97M,ShallowMsa_013,370,0.6828419938598004,0.6724137931034483
1xtgB_3j97M,ShallowMsa_014,403,0.6658461863389568,0.6724137931034483
1xtgB_3j97M,ShallowMsa_015,311,0.32475257704457033,0.3220338983050847
1xtgB_3j97M,ShallowMsa_016,371,0.4345641806690506,0.4482758620689655
1xtgB_3j97M,ShallowMsa_017,365,0.37796419948780435,0.37735849056603776
1xtgB_3j97M,ShallowMsa_018,346,0.26071631688155017,0.25721732157177224
1xtgB_3j97M,ShallowMsa_019,301,0.5816556716485438,0.603448275862069
1zk9A_3jv6A,ShallowMsa_000,588,0.5057370968423373,0.5707610146862483
1zk9A_3jv6A,ShallowMsa_001,340,0.5240711187423841,0.5283018867924528
1zk9A_3jv6A,ShallowMsa_002,322,0.4529426724033696,0.45794392523364486
1zk9A_3jv6A,ShallowMsa_003,307,0.4489606481662717,0.417910447761194
1zk9A_3jv6A,ShallowMsa_004,303,0.44432066399016046,0.4485981308411215
1zk9A_3jv6A,ShallowMsa_005,300,0.3176813244646989,0.31180555555555556
1zk9A_3jv6A,ShallowMsa_006,283,0.7478612147820537,0.7425742574257426
1zk9A_3jv6A,ShallowMsa_007,282,0.4226002539379878,0.4230769230769231
1zk9A_3jv6A,ShallowMsa_008,281,0.5401906264001288,0.5420560747663551
1zk9A_3jv6A,ShallowMsa_009,273,0.45379474988614144,0.4563106796116505
1zk9A_3jv6A,ShallowMsa_010,270,0.3308942780592158,0.3269230769230769
1zk9A_3jv6A,ShallowMsa_011,269,0.4076637333866147,0.3894736842105263
1zk9A_3jv6A,ShallowMsa_012,257,0.33203809953276064,0.32653061224489793
1zk9A_3jv6A,ShallowMsa_013,250,0.28576078767433866,0.28125
1zk9A_3jv6A,ShallowMsa_014,250,0.2921362362773798,0.2912621359223301
1zk9A_3jv6A,ShallowMsa_015,234,0.44852901852211063,0.4444444444444444
1zk9A_3jv6A,ShallowMsa_016,221,0.32981213349734045,0.3246753246753247
1zk9A_3jv6A,ShallowMsa_017,219,0.41321521463337885,0.41509433962264153
1zk9A_3jv6A,ShallowMsa_018,218,0.38700657084250206,0.3867924528301887
1zk9A_3jv6A,ShallowMsa_019,206,0.41825944738844206,0.4121292157659488
2bzyB_2lqwA,ShallowMsa_000,990,0.6530697039067509,0.6666666666666666
2bzyB_2lqwA,ShallowMsa_001,69,0.3728988703439139,0.29310344827586204
2bzyB_2lqwA,ShallowMsa_002,205,0.3664856407444331,0.30357142857142855
2bzyB_2lqwA,ShallowMsa_003,3,0.3511904761904762,0.30357142857142855
2c1vB_2c1uC,ShallowMsa_000,4846,0.4284746047607261,0.4293836122442425
2c1vB_2c1uC,ShallowMsa_001,4359,0.3306047818131751,0.32432432432432434
2c1vB_2c1uC,ShallowMsa_002,2548,0.43713325913963086,0.43854114782223697
2c1vB_2c1uC,ShallowMsa_003,2066,0.3224322188614566,0.3205574912891986
2c1vB_2c1uC,ShallowMsa_004,1676,0.4115541945459884,0.4195804195804196
2c1vB_2c1uC,ShallowMsa_005,1650,0.3707738568121982,0.3663078517154041
2c1vB_2c1uC,ShallowMsa_006,1620,0.450663205350322,0.4584717607973422
2c1vB_2c1uC,ShallowMsa_007,1362,0.35094964768021836,0.34241931739029485
2c1vB_2c1uC,ShallowMsa_008,1314,0.4300145929683288,0.4412586263555701
2c1vB_2c1uC,ShallowMsa_009,1249,0.5963480545602154,0.6206896551724138
2c1vB_2c1uC,ShallowMsa_010,1155,0.31901593997773636,0.3166023166023166
2c1vB_2c1uC,ShallowMsa_011,1092,0.3298600085676658,0.329038905716222
2c1vB_2c1uC,ShallowMsa_012,954,0.3052836849478693,0.3042774729140284
2c1vB_2c1uC,ShallowMsa_013,930,0.3116753462778779,0.3087977296181631
2c1vB_2c1uC,ShallowMsa_014,920,0.34460144266271897,0.3418181818181818
2c1vB_2c1uC,ShallowMsa_015,901,0.3727943610570587,0.3639344262295082
2c1vB_2c1uC,ShallowMsa_016,815,0.31699029100538534,0.3129251700680272
2c1vB_2c1uC,ShallowMsa_017,789,0.36547935624713734,0.35555555555555557
2h44A_1rkpA,ShallowMsa_000,1574,0.2922811497087809,0.2871082621082621
2h44A_1rkpA,ShallowMsa_001,1206,0.592249296473502,0.5444291264569495
2h44A_1rkpA,ShallowMsa_002,1128,0.2859478339335291,0.2830188679245283
2h44A_1rkpA,ShallowMsa_003,1110,0.3834329093432393,0.392226148409894
2h44A_1rkpA,ShallowMsa_004,1031,0.4981503802175245,0.5049833887043189
2h44A_1rkpA,ShallowMsa_005,1006,0.2905957662500983,0.2842457313853195
2h44A_1rkpA,ShallowMsa_006,947,0.2893236891562371,0.28640776699029125
2h44A_1rkpA,ShallowMsa_007,916,0.2902105964572714,0.28088714938030007
2h44A_1rkpA,ShallowMsa_008,897,0.36058803725702343,0.3639240506329114
2h44A_1rkpA,ShallowMsa_009,882,0.29747377241280715,0.29609498531737066
2h44A_1rkpA,ShallowMsa_010,813,0.2766795189093229,0.27666666666666667
2h44A_1rkpA,ShallowMsa_011,750,0.2819298734126651,0.28
2h44A_1rkpA,ShallowMsa_012,745,0.3055927956195011,0.2892561983471074
2h44A_1rkpA,ShallowMsa_013,705,0.2797607980455992,0.2781456953642384
2h44A_1rkpA,ShallowMsa_014,643,0.403698294835785,0.40993788819875776
2h44A_1rkpA,ShallowMsa_015,510,0.2911170600044854,0.28619528619528617
2h44A_1rkpA,ShallowMsa_016,474,0.26935501370409126,0.2682926829268293
2h44A_1rkpA,ShallowMsa_017,459,0.2797407475379051,0.27816901408450706
2h44A_1rkpA,ShallowMsa_018,422,0.35214857176792524,0.3191108685104318
2h44A_1rkpA,ShallowMsa_019,302,0.2889618769471926,0.28639789858382825
2jmrA_4j3oF,ShallowMsa_000,678,0.33271480393942054,0.32558139534883723
2jmrA_4j3oF,ShallowMsa_001,454,0.30513172541599254,0.3049152833921046
2jmrA_4j3oF,ShallowMsa_002,424,0.3327018711359082,0.3333333333333333
2jmrA_4j3oF,ShallowMsa_003,389,0.3313983697413369,0.3333333333333333
2jmrA_4j3oF,ShallowMsa_004,386,0.37009456782004463,0.31400560224089635
2jmrA_4j3oF,ShallowMsa_005,377,0.3282673870689193,0.32653061224489793
2jmrA_4j3oF,ShallowMsa_006,374,0.335548950575176,0.33559345407741104
2jmrA_4j3oF,ShallowMsa_007,363,0.3231824983659801,0.32167832167832167
2jmrA_4j3oF,ShallowMsa_008,333,0.32171232780700537,0.3157894736842105
2jmrA_4j3oF,ShallowMsa_009,328,0.32008191105586514,0.31756756756756754
2jmrA_4j3oF,ShallowMsa_010,318,0.3167266771440615,0.31586757990867576
2jmrA_4j3oF,ShallowMsa_011,302,0.3580931360044738,0.36027210884353744
2jmrA_4j3oF,ShallowMsa_012,290,0.30983169610794764,0.30711473565804276
2jmrA_4j3oF,ShallowMsa_013,287,0.31364674793695585,0.3108108108108108
2jmrA_4j3oF,ShallowMsa_014,286,0.4988510165660841,0.4451951951951952
2jmrA_4j3oF,ShallowMsa_015,281,0.32846712706558495,0.32867132867132864
2jmrA_4j3oF,ShallowMsa_016,262,0.3120307020075712,0.3087248322147651
2jmrA_4j3oF,ShallowMsa_017,248,0.30248798794983267,0.3
2jmrA_4j3oF,ShallowMsa_018,240,0.3190737774803195,0.3194444444444444
2jmrA_4j3oF,ShallowMsa_019,219,0.3044547547028537,0.3049645390070922
2k42A_1ceeB,ShallowMsa_000,542,0.30929756775962614,0.2903225806451613
2k42A_1ceeB,ShallowMsa_001,399,0.3707817788175701,0.35714285714285715
2k42A_1ceeB,ShallowMsa_002,367,0.26068632731133184,0.2553191489361702
2k42A_1ceeB,ShallowMsa_003,349,0.41120775813594895,0.375
2k42A_1ceeB,ShallowMsa_004,335,0.2718352547262285,0.2727272727272727
2k42A_1ceeB,ShallowMsa_005,313,0.26079642676923154,0.2558139534883721
2k42A_1ceeB,ShallowMsa_006,307,0.38933342114548597,0.3684210526315789
2k42A_1ceeB,ShallowMsa_007,304,0.3294528474376451,0.32529069767441865
2k42A_1ceeB,ShallowMsa_008,291,0.6079266055615987,0.6363636363636364
2k42A_1ceeB,ShallowMsa_009,281,0.3703749207388928,0.38235294117647056
2k42A_1ceeB,ShallowMsa_010,277,0.7092214102942668,0.6805555555555556
2k42A_1ceeB,ShallowMsa_011,273,0.4785142970113889,0.4852941176470588
2k42A_1ceeB,ShallowMsa_012,264,0.3990297954884424,0.39488636363636365
2k42A_1ceeB,ShallowMsa_013,248,0.36027988874974964,0.3548387096774194
2k42A_1ceeB,ShallowMsa_014,243,0.7083397461740801,0.68
2k42A_1ceeB,ShallowMsa_015,236,0.47969637986163277,0.4897959183673469
2k42A_1ceeB,ShallowMsa_016,228,0.5802246694659854,0.6063089915548932
2k42A_1ceeB,ShallowMsa_017,227,0.2646652061183065,0.26666666666666666
2k42A_1ceeB,ShallowMsa_018,227,0.3922837251929944,0.3684210526315789
2k42A_1ceeB,ShallowMsa_019,227,0.34609005344763244,0.3469387755102041
2kb8A_6vw2A,ShallowMsa_000,361,0.5805142449435089,0.5833333333333334
2kb8A_6vw2A,ShallowMsa_001,199,0.7496520640715882,0.75
2kkwA_2n0aD,ShallowMsa_000,387,0.6576547884415771,0.6491228070175439
2kkwA_2n0aD,ShallowMsa_001,341,0.6320459990287144,0.5703125
2kkwA_2n0aD,ShallowMsa_002,231,0.592948809018119,0.5943396226415094
2lelA_2k0qA,ShallowMsa_000,512,0.4596638000570552,0.4444444444444444
2lepA_4hddA,ShallowMsa_000,518,0.2789838634077565,0.2719568567026194
2lepA_4hddA,ShallowMsa_001,332,0.33369235920502954,0.3225806451612903
2lepA_4hddA,ShallowMsa_002,318,0.28743384924211685,0.28573446327683616
2lepA_4hddA,ShallowMsa_003,316,0.2988687620107783,0.29508196721311475
2lepA_4hddA,ShallowMsa_004,307,0.28360667854510696,0.2786885245901639
2lepA_4hddA,ShallowMsa_005,292,0.27540036897937725,0.2711864406779661
2lepA_4hddA,ShallowMsa_006,292,0.29178836890422577,0.288135593220339
2lepA_4hddA,ShallowMsa_007,292,0.3879873104798264,0.38596491228070173
2lepA_4hddA,ShallowMsa_008,288,0.30303718948965214,0.2972972972972973
2lepA_4hddA,ShallowMsa_009,287,0.789397668898428,0.8387096774193549
2lepA_4hddA,ShallowMsa_010,271,0.30918446712444236,0.3050847457627119
2lepA_4hddA,ShallowMsa_011,263,0.3647285349201922,0.3684210526315789
2lepA_4hddA,ShallowMsa_012,250,0.2805510983999235,0.2796951394880644
2lepA_4hddA,ShallowMsa_013,246,0.2969865170182481,0.29508196721311475
2lepA_4hddA,ShallowMsa_014,245,0.3104093419503856,0.3064516129032258
2lepA_4hddA,ShallowMsa_015,228,0.4665446664758194,0.4666666666666667
2lepA_4hddA,ShallowMsa_016,226,0.2552527888059198,0.2542372881355932
2lepA_4hddA,ShallowMsa_017,223,0.2796793700688503,0.2786885245901639
2lepA_4hddA,ShallowMsa_018,216,0.29948225637483894,0.3
2lepA_4hddA,ShallowMsa_019,215,0.4888885072557941,0.4915254237288136
2lv1A_6lniA,ShallowMsa_000,368,0.5747992563755671,0.5
2lv1A_6lniA,ShallowMsa_001,231,0.6898911255583945,0.8450704225352113
2lv1A_6lniA,ShallowMsa_002,212,0.352732717828527,0.3508771929824561
2mwfA_2nntA,ShallowMsa_000,7020,0.4394611131586867,0.43478260869565216
2mwfA_2nntA,ShallowMsa_001,2411,0.43267454024909957,0.43478260869565216
2mwfA_2nntA,ShallowMsa_002,1631,0.458483597463109,0.4444444444444444
2mwfA_2nntA,ShallowMsa_003,1620,0.5256345148445751,0.52
2mwfA_2nntA,ShallowMsa_004,1481,0.5042765028508045,0.48
2mwfA_2nntA,ShallowMsa_005,1190,0.4061997826649422,0.4
2mwfA_2nntA,ShallowMsa_006,1184,0.45842484948516043,0.45993589743589747
2mwfA_2nntA,ShallowMsa_007,1035,0.38778266860973926,0.39285714285714285
2mwfA_2nntA,ShallowMsa_008,994,0.3825372464266789,0.38461538461538464
2mwfA_2nntA,ShallowMsa_009,992,0.41006550339145764,0.4
2mwfA_2nntA,ShallowMsa_010,974,0.39869190483550576,0.4
2mwfA_2nntA,ShallowMsa_011,937,0.4216120332305151,0.4166666666666667
2mwfA_2nntA,ShallowMsa_012,935,0.3799657144956241,0.3793103448275862
2mwfA_2nntA,ShallowMsa_013,797,0.3457386544759355,0.34615384615384615
2mwfA_2nntA,ShallowMsa_014,793,0.5158950716425798,0.5
2mwfA_2nntA,ShallowMsa_015,764,0.3650314960650344,0.36
2mwfA_2nntA,ShallowMsa_016,625,0.40524772721593255,0.4
2mwfA_2nntA,ShallowMsa_017,594,0.4462936739030714,0.44
2mwfA_2nntA,ShallowMsa_018,550,0.41378547361358686,0.41379310344827586
2mwfA_2nntA,ShallowMsa_019,460,0.3734648333557529,0.375
2mwfA_2nntA,ShallowMsa_020,442,0.37472538485087986,0.36666666666666664
2n54B_2hdmA,ShallowMsa_000,883,0.3006463264384535,0.29310344827586204
2n54B_2hdmA,ShallowMsa_001,502,0.31146825509115,0.3076923076923077
2n54B_2hdmA,ShallowMsa_002,448,0.27803319096712603,0.2807017543859649
2n54B_2hdmA,ShallowMsa_003,443,0.2603311173055986,0.25925925925925924
2n54B_2hdmA,ShallowMsa_004,442,0.2825185505514403,0.28125
2n54B_2hdmA,ShallowMsa_005,407,0.276401159504577,0.27419354838709675
2n54B_2hdmA,ShallowMsa_006,406,0.2953692698587272,0.2962962962962963
2n54B_2hdmA,ShallowMsa_007,403,0.3047731826824926,0.3050847457627119
2n54B_2hdmA,ShallowMsa_008,381,0.26512445693557746,0.26153846153846155
2n54B_2hdmA,ShallowMsa_009,369,0.311850372712019,0.3114754098360656
2n54B_2hdmA,ShallowMsa_010,354,0.27365941581754777,0.27419354838709675
2n54B_2hdmA,ShallowMsa_011,346,0.2938165804925664,0.29508196721311475
2n54B_2hdmA,ShallowMsa_012,343,0.2439487757487557,0.234375
2n54B_2hdmA,ShallowMsa_013,337,0.6168501483465765,0.625
2n54B_2hdmA,ShallowMsa_014,293,0.2655743010012554,0.26785714285714285
2n54B_2hdmA,ShallowMsa_015,290,0.24608473773657227,0.2457578372159908
2n54B_2hdmA,ShallowMsa_016,278,0.23676580911348583,0.23205128205128206
2n54B_2hdmA,ShallowMsa_017,276,0.32827805402158383,0.33072916666666663
2n54B_2hdmA,ShallowMsa_018,273,0.26730277558676313,0.26785714285714285
2n54B_2hdmA,ShallowMsa_019,254,0.25298579478492045,0.25
2n54B_2hdmA,ShallowMsa_020,251,0.30171822907142626,0.2982456140350877
2namA_1uxmK,ShallowMsa_000,5036,0.46980689873061293,0.4594594594594595
2namA_1uxmK,ShallowMsa_001,1993,0.4631951823941754,0.45
2namA_1uxmK,ShallowMsa_002,1297,0.4153878337440698,0.4206896551724138
2namA_1uxmK,ShallowMsa_003,1262,0.35149847810279394,0.35036496350364965
2namA_1uxmK,ShallowMsa_004,1245,0.35693076127939705,0.3541666666666667
2namA_1uxmK,ShallowMsa_005,1174,0.44609186066614404,0.4513888888888889
2namA_1uxmK,ShallowMsa_006,843,0.3638823541706396,0.3597122302158273
2namA_1uxmK,ShallowMsa_007,802,0.3322398879845113,0.3287671232876712
2namA_1uxmK,ShallowMsa_008,781,0.6153655344882615,0.5752212389380531
2namA_1uxmK,ShallowMsa_009,765,0.36616540636939815,0.358974358974359
2namA_1uxmK,ShallowMsa_010,759,0.32790886030606486,0.32558139534883723
2namA_1uxmK,ShallowMsa_011,711,0.41185639926248246,0.41843971631205673
2namA_1uxmK,ShallowMsa_012,691,0.35491483714571875,0.3511450381679389
2namA_1uxmK,ShallowMsa_013,683,0.36557123737328723,0.35714285714285715
2namA_1uxmK,ShallowMsa_014,589,0.44909259164990145,0.4576271186440678
2namA_1uxmK,ShallowMsa_015,588,0.31023919463675304,0.3090909090909091
2namA_1uxmK,ShallowMsa_016,506,0.47072797520079834,0.47511498997523294
2namA_1uxmK,ShallowMsa_017,386,0.4131478966754507,0.41886114911080713
2namA_1uxmK,ShallowMsa_018,355,0.6375603686044089,0.647887323943662
2namA_1uxmK,ShallowMsa_019,338,0.5431951067478082,0.56
2namA_1uxmK,ShallowMsa_020,312,0.4209134739876831,0.3790590225808551
2p3vD_2p3vA,ShallowMsa_000,1395,0.34695846956156207,0.32978723404255317
2p3vD_2p3vA,ShallowMsa_001,1037,0.3343943063214737,0.3219178082191781
2p3vD_2p3vA,ShallowMsa_002,980,0.3271316524924582,0.30816364309515
2p3vD_2p3vA,ShallowMsa_003,775,0.31239897131187216,0.30201342281879195
2p3vD_2p3vA,ShallowMsa_004,372,0.2880745570842882,0.2869760187170989
2p3vD_2p3vA,ShallowMsa_005,361,0.3249377006035594,0.324
2p3vD_2p3vA,ShallowMsa_006,345,0.3323174045878918,0.3185483870967742
2p3vD_2p3vA,ShallowMsa_007,341,0.35315585962110374,0.32793522267206476
2p3vD_2p3vA,ShallowMsa_008,327,0.3073567945308647,0.3
2p3vD_2p3vA,ShallowMsa_009,325,0.2877838249118862,0.28708133971291866
2p3vD_2p3vA,ShallowMsa_010,308,0.2982794761862673,0.29508968346025183
2p3vD_2p3vA,ShallowMsa_011,303,0.32500770997349054,0.31216931216931215
2p3vD_2p3vA,ShallowMsa_012,247,0.332624043133599,0.3319327731092437
2p3vD_2p3vA,ShallowMsa_013,240,0.38600693195139135,0.3899010676853757
2p3vD_2p3vA,ShallowMsa_014,229,0.3096066792313192,0.2967032967032967
2p3vD_2p3vA,ShallowMsa_015,222,0.30504788466813715,0.30242329489935504
2p3vD_2p3vA,ShallowMsa_016,221,0.3473578946464507,0.34274193548387094
2p3vD_2p3vA,ShallowMsa_017,220,0.3104150722257086,0.30612244897959184
2p3vD_2p3vA,ShallowMsa_018,220,0.3061319843007904,0.3008130081300813
2pbkB_3njqA,ShallowMsa_000,361,0.3981175817587679,0.37037037037037035
2qqjA_4qdsA,ShallowMsa_000,2199,0.3298371180384948,0.3223684210526316
2qqjA_4qdsA,ShallowMsa_001,1807,0.3339020727663906,0.33220338983050846
2qqjA_4qdsA,ShallowMsa_002,1501,0.33770835546143335,0.3352601156069364
2qqjA_4qdsA,ShallowMsa_003,1058,0.5389847632646332,0.5252118644067797
2qqjA_4qdsA,ShallowMsa_004,995,0.32557871898690255,0.3235294117647059
2qqjA_4qdsA,ShallowMsa_005,817,0.36119363922705966,0.35570469798657717
2qqjA_4qdsA,ShallowMsa_006,749,0.3152562403568587,0.3105590062111801
2qqjA_4qdsA,ShallowMsa_007,749,0.3613258416510011,0.3651315789473684
2qqjA_4qdsA,ShallowMsa_008,687,0.3225173557245188,0.3223684210526316
2qqjA_4qdsA,ShallowMsa_009,653,0.29540897280216954,0.2916666666666667
2qqjA_4qdsA,ShallowMsa_010,621,0.3004501106732716,0.2972972972972973
2qqjA_4qdsA,ShallowMsa_011,596,0.3296628307214543,0.32404079650315687
2qqjA_4qdsA,ShallowMsa_012,525,0.3340590452729827,0.32666666666666666
2qqjA_4qdsA,ShallowMsa_013,490,0.5187904914807593,0.5243509060434521
2qqjA_4qdsA,ShallowMsa_014,451,0.31969389129258763,0.3191489361702128
2qqjA_4qdsA,ShallowMsa_015,429,0.3151174603859001,0.3151515151515151
2qqjA_4qdsA,ShallowMsa_016,385,0.3166940335653889,0.3170731707317073
2qqjA_4qdsA,ShallowMsa_017,347,0.32259621077790473,0.3170731707317073
2uy7D_5fluE,ShallowMsa_000,537,0.29537656342044566,0.28289473684210525
2uy7D_5fluE,ShallowMsa_001,337,0.3646880113257172,0.3673469387755102
2uy7D_5fluE,ShallowMsa_002,317,0.3210692426186282,0.2962962962962963
2uy7D_5fluE,ShallowMsa_003,276,0.3411656936322045,0.3424657534246575
2uy7D_5fluE,ShallowMsa_004,262,0.30748215963245956,0.30120481927710846
2uy7D_5fluE,ShallowMsa_005,259,0.5186065818993725,0.5306122448979592
2uy7D_5fluE,ShallowMsa_006,256,0.4659426892577456,0.3724137931034483
2uy7D_5fluE,ShallowMsa_007,250,0.3031158581085984,0.3016916429162453
2uy7D_5fluE,ShallowMsa_008,245,0.31017347056694866,0.3076923076923077
2uy7D_5fluE,ShallowMsa_009,245,0.35043893812046206,0.35135135135135137
2uy7D_5fluE,ShallowMsa_010,244,0.3091767569200577,0.3076923076923077
2uy7D_5fluE,ShallowMsa_011,243,0.30936616186639254,0.3028169014084507
2uy7D_5fluE,ShallowMsa_012,241,0.33971894455821816,0.3443708609271523
2uy7D_5fluE,ShallowMsa_013,237,0.2882033172920996,0.2876712328767123
2uy7D_5fluE,ShallowMsa_014,234,0.35870722411309175,0.3595824536711236
2uy7D_5fluE,ShallowMsa_015,231,0.288407444113402,0.2887323943661972
2uy7D_5fluE,ShallowMsa_016,230,0.308717350404545,0.3076923076923077
2uy7D_5fluE,ShallowMsa_017,230,0.33215233857711396,0.32659863945578227
2uy7D_5fluE,ShallowMsa_018,228,0.2977040421484142,0.2925170068027211
2uy7D_5fluE,ShallowMsa_019,224,0.31042310394913286,0.3092919935721713
2uy7D_5fluE,ShallowMsa_020,211,0.36121294836073004,0.3624161073825503
2vfxL_3gmhL,ShallowMsa_000,527,0.4838304947292186,0.49074074074074076
2vfxL_3gmhL,ShallowMsa_001,365,0.5050445553512597,0.49748743718592964
2vfxL_3gmhL,ShallowMsa_002,343,0.4521979138482776,0.455026455026455
2vfxL_3gmhL,ShallowMsa_003,334,0.2572608181049179,0.25517241379310346
2vfxL_3gmhL,ShallowMsa_004,327,0.4565256178336964,0.45789473684210524
2vfxL_3gmhL,ShallowMsa_005,318,0.3461454570800195,0.28869609409031505
2vfxL_3gmhL,ShallowMsa_006,310,0.5598388797180918,0.5595523212969786
2vfxL_3gmhL,ShallowMsa_007,305,0.46641155271861306,0.4673913043478261
2vfxL_3gmhL,ShallowMsa_008,295,0.4403733320473,0.43915343915343913
2vfxL_3gmhL,ShallowMsa_009,282,0.5010280643258521,0.39129150419473
2vfxL_3gmhL,ShallowMsa_010,277,0.4685531715611543,0.4752475247524752
2vfxL_3gmhL,ShallowMsa_011,264,0.5608505378291232,0.5661302982731554
2vfxL_3gmhL,ShallowMsa_012,262,0.2524436793277649,0.25165562913907286
2vfxL_3gmhL,ShallowMsa_013,261,0.6926272160070363,0.7197802197802198
2vfxL_3gmhL,ShallowMsa_014,256,0.855677036740681,0.8608247422680413
2vfxL_3gmhL,ShallowMsa_015,247,0.44305382396710086,0.43956043956043955
2vfxL_3gmhL,ShallowMsa_016,240,0.36487207910646474,0.2900481344084373
2vfxL_3gmhL,ShallowMsa_017,232,0.5586145866201039,0.5555555555555556
2vfxL_3gmhL,ShallowMsa_018,228,0.5049677846942425,0.5054945054945055
2vfxL_3gmhL,ShallowMsa_019,210,0.44194573753770916,0.4462616146119779
2wcdX_4phqA,ShallowMsa_000,195,0.5859001578274238,0.4782608695652174
2z9oB_1repC,ShallowMsa_000,333,0.3190013653796969,0.28440366972477066
2z9oB_1repC,ShallowMsa_001,313,0.2503547203671554,0.25
2z9oB_1repC,ShallowMsa_002,309,0.5278925707085421,0.405
2z9oB_1repC,ShallowMsa_003,284,0.25839702038240375,0.25888324873096447
2z9oB_1repC,ShallowMsa_004,277,0.25690688911998394,0.2562814070351759
2z9oB_1repC,ShallowMsa_005,261,0.31638718869361,0.2670807453416149
2z9oB_1repC,ShallowMsa_006,258,0.25414033533019265,0.25471698113207547
2z9oB_1repC,ShallowMsa_007,252,0.26197839793710315,0.26
2z9oB_1repC,ShallowMsa_008,234,0.26628270859477904,0.26666666666666666
2z9oB_1repC,ShallowMsa_009,222,0.2616896095465625,0.2621359223300971
2z9oB_1repC,ShallowMsa_010,217,0.25834833041583827,0.25870646766169153
2z9oB_1repC,ShallowMsa_011,216,0.2657589560277589,0.26531912040761596
2z9oB_1repC,ShallowMsa_012,212,0.27118657980770594,0.2698039215686274
2z9oB_1repC,ShallowMsa_013,208,0.2796678857402593,0.2773109243697479
2z9oB_1repC,ShallowMsa_014,201,0.26748259395117696,0.2676767676767677
2z9oB_1repC,ShallowMsa_015,200,0.25431374357167635,0.25250025002500254
3g0hA_3ewsB,ShallowMsa_000,2658,0.31342127122790553,0.31420765027322406
3g0hA_3ewsB,ShallowMsa_001,2351,0.32429541629237757,0.325
3g0hA_3ewsB,ShallowMsa_002,2256,0.5634149101222516,0.5953812490143511
3g0hA_3ewsB,ShallowMsa_003,2188,0.30503861394924986,0.30434782608695654
3g0hA_3ewsB,ShallowMsa_004,1937,0.3593640522508002,0.35509138381201044
3g0hA_3ewsB,ShallowMsa_005,1822,0.33144431923558365,0.31404480701327164
3g0hA_3ewsB,ShallowMsa_006,1745,0.3193681653821536,0.31179775280898875
3g0hA_3ewsB,ShallowMsa_007,1348,0.48101484076130757,0.4857142857142857
3g0hA_3ewsB,ShallowMsa_008,1252,0.2915195180155934,0.29041095890410956
3g0hA_3ewsB,ShallowMsa_009,1224,0.3104594927052648,0.3112324893030889
3g0hA_3ewsB,ShallowMsa_010,983,0.3258818201221722,0.31117021276595747
3g0hA_3ewsB,ShallowMsa_011,950,0.3033097417654443,0.3025210084033613
3g0hA_3ewsB,ShallowMsa_012,941,0.658425722946838,0.6388059701492538
3g0hA_3ewsB,ShallowMsa_013,921,0.29011528810973536,0.2885714285714286
3g0hA_3ewsB,ShallowMsa_014,889,0.2917012048361683,0.2913165266106443
3g0hA_3ewsB,ShallowMsa_015,652,0.4140430963295146,0.4237284101727186
3g0hA_3ewsB,ShallowMsa_016,527,0.30931902702853376,0.3087431693989071
3g0hA_3ewsB,ShallowMsa_017,513,0.3069655863005603,0.30684931506849317
3hdfA_3hdeA,ShallowMsa_000,4265,0.3576713061949387,0.3511450381679389
3hdfA_3hdeA,ShallowMsa_001,1250,0.6388146071421122,0.6076923076923076
3hdfA_3hdeA,ShallowMsa_002,1121,0.4230674899541991,0.43410852713178294
3hdfA_3hdeA,ShallowMsa_003,1026,0.3949963935658924,0.3977272727272727
3hdfA_3hdeA,ShallowMsa_004,971,0.3443869718964683,0.3333333333333333
3hdfA_3hdeA,ShallowMsa_005,740,0.4280281224833883,0.42614125753660637
3hdfA_3hdeA,ShallowMsa_006,726,0.3551471624330059,0.3374246987951807
3hdfA_3hdeA,ShallowMsa_007,666,0.36463424830131275,0.3643410852713178
3hdfA_3hdeA,ShallowMsa_008,627,0.3600499705744173,0.34146341463414637
3hdfA_3hdeA,ShallowMsa_009,613,0.34961907538044834,0.3488372093023256
3hdfA_3hdeA,ShallowMsa_010,575,0.3913503874467353,0.3893129770992366
3hdfA_3hdeA,ShallowMsa_011,572,0.3399602249998876,0.3383458646616541
3hdfA_3hdeA,ShallowMsa_012,537,0.3529969420133438,0.3465346534653465
3hdfA_3hdeA,ShallowMsa_013,509,0.36515735640275715,0.36153846153846153
3hdfA_3hdeA,ShallowMsa_014,505,0.354203396265594,0.3515625
3hdfA_3hdeA,ShallowMsa_015,487,0.3431549355409892,0.3409090909090909
3hdfA_3hdeA,ShallowMsa_016,486,0.3399138476768168,0.33587786259541985
3hdfA_3hdeA,ShallowMsa_017,456,0.3354283470481571,0.3333333333333333
3hdfA_3hdeA,ShallowMsa_018,426,0.33667758075580484,0.3333333333333333
3hdfA_3hdeA,ShallowMsa_019,400,0.33124631462137716,0.33076923076923076
3hdfA_3hdeA,ShallowMsa_020,378,0.3274433955274627,0.32786885245901637
3j7vG_3j7wB,ShallowMsa_000,590,0.33470071405929397,0.3281636822497296
3j7vG_3j7wB,ShallowMsa_001,216,0.37653697001738984,0.35094565341232764
3j7vG_3j7wB,ShallowMsa_002,214,0.39782803632728664,0.35219270166453265
3j7vG_3j7wB,ShallowMsa_003,206,0.554871068599969,0.5378118503118503
3j7vG_3j7wB,ShallowMsa_004,200,0.3611694992034036,0.36424978949045306
3kdsG_2ce7C,ShallowMsa_000,18242,0.5354444552757047,0.5646805273833672
3kdsG_2ce7C,ShallowMsa_001,12629,0.4736354667462844,0.4645669291338583
3kdsG_2ce7C,ShallowMsa_002,4625,0.4023164678326398,0.4105691056910569
3kdsG_2ce7C,ShallowMsa_003,2562,0.41389161672631963,0.3996402877697842
3kdsG_2ce7C,ShallowMsa_004,1988,0.45747887009713595,0.43260560037968676
3kdsG_2ce7C,ShallowMsa_005,1955,0.4003174437808025,0.41317365269461076
3kdsG_2ce7C,ShallowMsa_006,1715,0.31908993875677466,0.31840796019900497
3kdsG_2ce7C,ShallowMsa_007,1528,0.36322719761777417,0.36644757372444997
3kdsG_2ce7C,ShallowMsa_008,1419,0.5008861495100777,0.4840182648401826
3kdsG_2ce7C,ShallowMsa_009,935,0.4547209780233132,0.42748091603053434
3kdsG_2ce7C,ShallowMsa_010,866,0.4772368284682241,0.4560546361964801
3kdsG_2ce7C,ShallowMsa_011,770,0.4014390347919299,0.388767588549248
3kdsG_2ce7C,ShallowMsa_012,717,0.5002524864686755,0.5200945626477541
3kdsG_2ce7C,ShallowMsa_013,533,0.33870010439411086,0.337468982630273
3kdsG_2ce7C,ShallowMsa_014,396,0.5475246983241018,0.5985484946702082
3kdsG_2ce7C,ShallowMsa_015,348,0.3492095182343457,0.3326745718050066
3kdsG_2ce7C,ShallowMsa_016,318,0.483850309515944,0.46593653800615675
3kdsG_2ce7C,ShallowMsa_017,284,0.50243233272126,0.514218009478673
3kdsG_2ce7C,ShallowMsa_018,273,0.3909388122253007,0.39563106796116504
3l5nB_2a73B,ShallowMsa_000,792,0.29562397532304197,0.2952243125904486
3l5nB_2a73B,ShallowMsa_001,753,0.42479308212826694,0.4272189349112426
3l5nB_2a73B,ShallowMsa_002,708,0.43720368031885803,0.44565445918686253
3l5nB_2a73B,ShallowMsa_003,617,0.32867675244273903,0.32825322391559203
3l5nB_2a73B,ShallowMsa_004,593,0.4323346824038782,0.434331797235023
3l5nB_2a73B,ShallowMsa_005,565,0.7072463052173251,0.752542372881356
3l5nB_2a73B,ShallowMsa_006,545,0.29475637146580624,0.29289940828402367
3l5nB_2a73B,ShallowMsa_007,516,0.42490526312807664,0.39076276664511955
3l5nB_2a73B,ShallowMsa_008,510,0.299772420280243,0.29779837775202783
3l5nB_2a73B,ShallowMsa_009,483,0.2935912619120128,0.29398148148148145
3l5nB_2a73B,ShallowMsa_010,408,0.39139823697501275,0.38965584212257776
3l5nB_2a73B,ShallowMsa_011,366,0.42354339572147837,0.41985184433111267
3l5nB_2a73B,ShallowMsa_012,319,0.3269278230962819,0.2793427230046948
3l5nB_2a73B,ShallowMsa_013,288,0.47409688978044695,0.486024658768155
3l9qB_4rr2D,ShallowMsa_000,786,0.7125969988190376,0.7964071856287425
3l9qB_4rr2D,ShallowMsa_001,682,0.38622140369591923,0.3741716041255212
3l9qB_4rr2D,ShallowMsa_002,531,0.44602341926758265,0.43243243243243246
3l9qB_4rr2D,ShallowMsa_003,497,0.4338934677453609,0.43373493975903615
3l9qB_4rr2D,ShallowMsa_004,453,0.42822060652144117,0.4294478527607362
3l9qB_4rr2D,ShallowMsa_005,464,0.5139887880335747,0.5214723926380368
3l9qB_4rr2D,ShallowMsa_006,412,0.46149862385214324,0.4625
3l9qB_4rr2D,ShallowMsa_007,366,0.46315076954961726,0.43478260869565216
3l9qB_4rr2D,ShallowMsa_008,361,0.4079292736396409,0.4049079754601227
3l9qB_4rr2D,ShallowMsa_009,303,0.8275942304648376,0.8242424242424242
3l9qB_4rr2D,ShallowMsa_010,334,0.5057458369224724,0.5214723926380368
3l9qB_4rr2D,ShallowMsa_011,266,0.4390419457346752,0.4404647692143695
3l9qB_4rr2D,ShallowMsa_012,248,0.5626520159257622,0.5384469696969697
3l9qB_4rr2D,ShallowMsa_013,97,0.3988401233039434,0.38509316770186336
3lowA_3m1bF,ShallowMsa_000,693,0.2810397687882299,0.2727272727272727
3lowA_3m1bF,ShallowMsa_001,479,0.2789054375705466,0.2736842105263158
3lowA_3m1bF,ShallowMsa_002,475,0.45150080168035533,0.45121951219512196
3lowA_3m1bF,ShallowMsa_003,448,0.30272276941538045,0.2978723404255319
3lowA_3m1bF,ShallowMsa_004,441,0.28380939064577043,0.27906976744186046
3lowA_3m1bF,ShallowMsa_005,433,0.32036949368186074,0.31958762886597936
3lowA_3m1bF,ShallowMsa_006,414,0.2645215668830222,0.26373626373626374
3lowA_3m1bF,ShallowMsa_007,402,0.2667544824084851,0.2631578947368421
3lowA_3m1bF,ShallowMsa_008,397,0.2770327506573351,0.27835051546391754
3lowA_3m1bF,ShallowMsa_009,390,0.6075596490981503,0.5978821156432093
3lowA_3m1bF,ShallowMsa_010,388,0.2852215243096763,0.2857142857142857
3lowA_3m1bF,ShallowMsa_011,359,0.31683547995531064,0.3157894736842105
3lowA_3m1bF,ShallowMsa_012,349,0.26955028638870837,0.26744186046511625
3lowA_3m1bF,ShallowMsa_013,346,0.47806195466142326,0.4838709677419355
3lowA_3m1bF,ShallowMsa_014,346,0.3131222702654152,0.2932037768994291
3lowA_3m1bF,ShallowMsa_015,328,0.32005616283400373,0.3200502246893999
3lowA_3m1bF,ShallowMsa_016,323,0.2910084130026457,0.28888888888888886
3lowA_3m1bF,ShallowMsa_017,302,0.2817545420432805,0.2765957446808511
3lowA_3m1bF,ShallowMsa_018,272,0.26032447132154685,0.25806451612903225
3lowA_3m1bF,ShallowMsa_019,239,0.2741884551973517,0.2777777777777778
3lqcA_1xntA,ShallowMsa_000,404,0.30280174388075903,0.2936105476673428
3lqcA_1xntA,ShallowMsa_001,260,0.3947083447113259,0.3918918918918919
3lqcA_1xntA,ShallowMsa_002,260,0.532196176243998,0.4946236559139785
3lqcA_1xntA,ShallowMsa_003,251,0.3210091089145694,0.3194444444444444
3lqcA_1xntA,ShallowMsa_004,221,0.39776197232349997,0.3103448275862069
3lqcA_1xntA,ShallowMsa_005,214,0.5215006859744529,0.5069444444444444
3lqcA_1xntA,ShallowMsa_006,204,0.6053749810035839,0.6
3lqcA_1xntA,ShallowMsa_007,204,0.4627261395454583,0.4554773633591368
3lqcA_1xntA,ShallowMsa_008,204,0.3854703134827025,0.38026548672566374
3lqcA_1xntA,ShallowMsa_009,203,0.4944537922134755,0.4689655172413793
3lqcA_1xntA,ShallowMsa_010,201,0.39098748394535765,0.3904109589041096
3m7pA_3ejhA,ShallowMsa_000,827,0.3289471469578674,0.31756756756756754
3m7pA_3ejhA,ShallowMsa_001,746,0.4997847533754329,0.45454545454545453
3m7pA_3ejhA,ShallowMsa_002,523,0.39621184265361326,0.3971631205673759
3m7pA_3ejhA,ShallowMsa_003,521,0.296449847381957,0.29411764705882354
3m7pA_3ejhA,ShallowMsa_004,512,0.30971011475816435,0.30357142857142855
3m7pA_3ejhA,ShallowMsa_005,427,0.2867247486333677,0.28440366972477066
3m7pA_3ejhA,ShallowMsa_006,415,0.40015585162381606,0.4129032258064516
3meeA_4b3oB,ShallowMsa_000,682,0.8557508566092411,0.8814224581098731
3meeA_4b3oB,ShallowMsa_001,534,0.7704094645750594,0.871718331419824
3meeA_4b3oB,ShallowMsa_002,510,0.3227336179687366,0.32271115409413287
3meeA_4b3oB,ShallowMsa_003,502,0.3058748434509569,0.2967032967032967
3meeA_4b3oB,ShallowMsa_004,494,0.8497264100658348,0.868011613936724
3meeA_4b3oB,ShallowMsa_005,471,0.6239578235634137,0.6093023255813953
3meeA_4b3oB,ShallowMsa_006,450,0.32884100604321903,0.32691773850282224
3meeA_4b3oB,ShallowMsa_007,418,0.6842683671657704,0.7838516908868667
3meeA_4b3oB,ShallowMsa_008,384,0.7976758803039666,0.8704663212435233
3meeA_4b3oB,ShallowMsa_009,303,0.35629750141593997,0.32303370786516855
3mkoA_5ineA,ShallowMsa_000,224,0.638913416780811,0.6407766990291263
3r9jC_2kxoA,ShallowMsa_000,2862,0.3639474381530413,0.35294117647058826
3r9jC_2kxoA,ShallowMsa_001,1233,0.30017826687350774,0.29411764705882354
3r9jC_2kxoA,ShallowMsa_002,1189,0.5048425649902785,0.5072463768115942
3r9jC_2kxoA,ShallowMsa_003,943,0.6131880396921529,0.6086956521739131
3r9jC_2kxoA,ShallowMsa_004,828,0.35068977364202797,0.3484848484848485
3r9jC_2kxoA,ShallowMsa_005,740,0.2898352555291658,0.2846481876332623
3r9jC_2kxoA,ShallowMsa_006,727,0.30030864294656195,0.29850746268656714
3r9jC_2kxoA,ShallowMsa_007,676,0.515635000292914,0.5
3r9jC_2kxoA,ShallowMsa_008,630,0.3117622586456844,0.3076923076923077
3r9jC_2kxoA,ShallowMsa_009,589,0.44060955089449927,0.4411764705882353
3r9jC_2kxoA,ShallowMsa_010,541,0.3093037795853191,0.30303030303030304
3r9jC_2kxoA,ShallowMsa_011,510,0.358968855729777,0.36297760210803687
3r9jC_2kxoA,ShallowMsa_012,482,0.43442904902347096,0.4411764705882353
3r9jC_2kxoA,ShallowMsa_013,467,0.3929191618057932,0.4117647058823529
3r9jC_2kxoA,ShallowMsa_014,434,0.45010714922856265,0.4492753623188406
3r9jC_2kxoA,ShallowMsa_015,428,0.31511577779933647,0.3076923076923077
3r9jC_2kxoA,ShallowMsa_016,417,0.45222232691639763,0.44776119402985076
3r9jC_2kxoA,ShallowMsa_017,386,0.35298297374956544,0.35294117647058826
3r9jC_2kxoA,ShallowMsa_018,319,0.3026766511820394,0.29850746268656714
3r9jC_2kxoA,ShallowMsa_019,293,0.33419941824394606,0.3333333333333333
3t5oA_4a5wB,ShallowMsa_000,2672,0.3205665886729707,0.3215767634854772
3t5oA_4a5wB,ShallowMsa_001,1740,0.4607959279094571,0.3788219470979757
3v0tA_3uyiA,ShallowMsa_000,7032,0.4409986227599074,0.45229681978798586
3v0tA_3uyiA,ShallowMsa_001,3632,0.32039831483235487,0.31521739130434784
3v0tA_3uyiA,ShallowMsa_002,2951,0.40123076673932273,0.4227941176470588
3v0tA_3uyiA,ShallowMsa_003,2791,0.3570956655981763,0.3235294117647059
3v0tA_3uyiA,ShallowMsa_004,2746,0.4616695176857662,0.46691176470588236
3v0tA_3uyiA,ShallowMsa_005,2376,0.6717395287072981,0.7014388489208633
3v0tA_3uyiA,ShallowMsa_006,1920,0.30663237194364623,0.30451127819548873
3v0tA_3uyiA,ShallowMsa_007,1757,0.32030499819949665,0.3169811320754717
3v0tA_3uyiA,ShallowMsa_008,1592,0.31310282985286136,0.31040707083281466
3v0tA_3uyiA,ShallowMsa_009,1446,0.4421381443491,0.4468864468864469
3v0tA_3uyiA,ShallowMsa_010,1368,0.3309964932897786,0.32456781586486216
3v0tA_3uyiA,ShallowMsa_011,1357,0.30796544562807404,0.3026315789473684
3v0tA_3uyiA,ShallowMsa_012,1346,0.40068155364993013,0.41566265060240964
3v0tA_3uyiA,ShallowMsa_013,1033,0.4303895725768434,0.43478260869565216
3v0tA_3uyiA,ShallowMsa_014,987,0.42856971721633264,0.427536231884058
3v0tA_3uyiA,ShallowMsa_015,887,0.2985992432880976,0.2967032967032967
3v0tA_3uyiA,ShallowMsa_016,757,0.4129105198389039,0.4262948207171315
3v0tA_3uyiA,ShallowMsa_017,732,0.4505447280267346,0.4673913043478261
3v0tA_3uyiA,ShallowMsa_018,665,0.396702752224596,0.4095238095238095
3v0tA_3uyiA,ShallowMsa_019,348,0.4356232581786936,0.45108631440761404
3ztjE_5hmgA,ShallowMsa_000,307,0.43327541549566406,0.37142857142857144
3ztjE_5hmgA,ShallowMsa_001,280,0.3653649144434106,0.36507936507936506
3ztjE_5hmgA,ShallowMsa_002,235,0.37601300198439314,0.37658227848101267
3ztjE_5hmgA,ShallowMsa_003,228,0.4912596858502975,0.42486559139784946
3ztjE_5hmgA,ShallowMsa_004,208,0.33723368357809924,0.33440514469453375
4aalA_4aanA,ShallowMsa_000,3872,0.4144688795187753,0.41103500761035006
4aalA_4aanA,ShallowMsa_001,2994,0.35204136988210605,0.34035087719298246
4aalA_4aanA,ShallowMsa_002,2610,0.37107705748594044,0.36363636363636365
4aalA_4aanA,ShallowMsa_003,2062,0.3177703644236909,0.3168127881490439
4aalA_4aanA,ShallowMsa_004,2061,0.41560541926519,0.4225352112676056
4aalA_4aanA,ShallowMsa_005,1658,0.3370083840490358,0.3292431998394058
4aalA_4aanA,ShallowMsa_006,1527,0.374614020890386,0.3684210526315789
4aalA_4aanA,ShallowMsa_007,1410,0.4434236793649016,0.4444444444444444
4aalA_4aanA,ShallowMsa_008,1326,0.3248683193480569,0.3234323432343234
4aalA_4aanA,ShallowMsa_009,1318,0.34191548981237996,0.34050179211469533
4aalA_4aanA,ShallowMsa_010,1301,0.3132914562257734,0.311787072243346
4aalA_4aanA,ShallowMsa_011,1273,0.5947065779387695,0.6044303797468354
4aalA_4aanA,ShallowMsa_012,1251,0.4378190316684025,0.4414715719063545
4aalA_4aanA,ShallowMsa_013,1198,0.4829432330455287,0.48721927317272357
4aalA_4aanA,ShallowMsa_014,1155,0.32162788357380084,0.31438127090301005
4aalA_4aanA,ShallowMsa_015,909,0.3343343170479389,0.3344594594594595
4aalA_4aanA,ShallowMsa_016,899,0.4232820877018651,0.4375
4aalA_4aanA,ShallowMsa_017,851,0.3962691275532265,0.41312741312741313
4aalA_4aanA,ShallowMsa_018,478,0.4196879440657771,0.42450588889450536
4cmqB_4zt0C,ShallowMsa_000,596,0.34848835354731045,0.32816711198281345
4cmqB_4zt0C,ShallowMsa_001,470,0.5846382888571451,0.5914387138414599
4cmqB_4zt0C,ShallowMsa_002,465,0.35055050049906483,0.33732718894009217
4cmqB_4zt0C,ShallowMsa_003,461,0.3317636722654532,0.33086190917516217
4cmqB_4zt0C,ShallowMsa_004,380,0.3295609093666495,0.3196681174819376
4cmqB_4zt0C,ShallowMsa_005,333,0.3410578744201713,0.34517203107658156
4cmqB_4zt0C,ShallowMsa_006,314,0.3235310176395003,0.32318883837688084
4dxrA_4dxtA,ShallowMsa_000,722,0.3649831329248188,0.3575274264046082
4dxrA_4dxtA,ShallowMsa_001,511,0.3117787405592949,0.30120481927710846
4dxrA_4dxtA,ShallowMsa_002,469,0.4641537054645227,0.4635416666666667
4dxrA_4dxtA,ShallowMsa_003,418,0.605666050507087,0.6307692307692307
4dxrA_4dxtA,ShallowMsa_004,410,0.40884614900762417,0.4139278017241379
4dxrA_4dxtA,ShallowMsa_005,406,0.46772884054636416,0.4090909090909091
4dxrA_4dxtA,ShallowMsa_006,371,0.35035519133649806,0.35195530726256985
4dxrA_4dxtA,ShallowMsa_007,351,0.345128945403449,0.3333333333333333
4dxrA_4dxtA,ShallowMsa_008,349,0.3656332990281795,0.366120218579235
4dxrA_4dxtA,ShallowMsa_009,343,0.49388698481462895,0.4973821989528796
4dxrA_4dxtA,ShallowMsa_010,334,0.41461252989189107,0.4073119511263841
4dxrA_4dxtA,ShallowMsa_011,325,0.45680116326991754,0.45989304812834225
4dxrA_4dxtA,ShallowMsa_012,306,0.3199953787758422,0.3202247191011236
4dxrA_4dxtA,ShallowMsa_013,303,0.73188420491214,0.7589743589743589
4dxrA_4dxtA,ShallowMsa_014,289,0.4529049473922205,0.4634146341463415
4dxrA_4dxtA,ShallowMsa_015,280,0.4080721771775204,0.40764331210191085
4dxrA_4dxtA,ShallowMsa_016,280,0.35172470534706707,0.35106382978723405
4dxrA_4dxtA,ShallowMsa_017,279,0.4123065913792699,0.41304347826086957
4dxrA_4dxtA,ShallowMsa_018,243,0.3586156266107835,0.3626943005181347
4dxrA_4dxtA,ShallowMsa_019,227,0.3007302244606848,0.2967741935483871
4gqcB_4gqcC,ShallowMsa_000,3362,0.33542678181712915,0.3173076923076923
4gqcB_4gqcC,ShallowMsa_001,2277,0.32887358483393503,0.3137254901960784
4gqcB_4gqcC,ShallowMsa_002,1302,0.3709303128426896,0.35526315789473684
4gqcB_4gqcC,ShallowMsa_003,929,0.4456475556009865,0.4489795918367347
4gqcB_4gqcC,ShallowMsa_004,907,0.4047837158438566,0.42105263157894735
4gqcB_4gqcC,ShallowMsa_005,873,0.27465746182203793,0.2733333333333333
4gqcB_4gqcC,ShallowMsa_006,829,0.2952325760114532,0.2916666666666667
4gqcB_4gqcC,ShallowMsa_007,778,0.35009023329822175,0.33939443804508806
4gqcB_4gqcC,ShallowMsa_008,720,0.34345536795869464,0.3195582877959927
4gqcB_4gqcC,ShallowMsa_009,672,0.4145457212095421,0.42105263157894735
4gqcB_4gqcC,ShallowMsa_010,608,0.3583547810126679,0.3380788327084811
4gqcB_4gqcC,ShallowMsa_011,520,0.3304207491069873,0.3219178082191781
4gqcB_4gqcC,ShallowMsa_012,482,0.2931630924398338,0.2939119703825586
4gqcB_4gqcC,ShallowMsa_013,467,0.30025467198364403,0.29411764705882354
4gqcB_4gqcC,ShallowMsa_014,428,0.308151202422517,0.3
4gqcB_4gqcC,ShallowMsa_015,424,0.31836453598841463,0.3108108108108108
4gqcB_4gqcC,ShallowMsa_016,413,0.33064704513578924,0.3150684931506849
4gqcB_4gqcC,ShallowMsa_017,338,0.3017036599026074,0.3
4gqcB_4gqcC,ShallowMsa_018,311,0.3248511727068858,0.31724137931034485
4gqcB_4gqcC,ShallowMsa_019,300,0.3073977178857958,0.30257629367536487
4gqcB_4gqcC,ShallowMsa_020,255,0.31147213873263313,0.3087248322147651
4h2aA_3j9cA,ShallowMsa_000,295,0.36414328815068236,0.34933333333333333
4h2aA_3j9cA,ShallowMsa_001,230,0.43748305306512003,0.41130213153932227
4h2aA_3j9cA,ShallowMsa_002,215,0.394460348894049,0.36541889483065954
4n9wA_4nc9C,ShallowMsa_000,2476,0.4817422615745921,0.48644467631447624
4n9wA_4nc9C,ShallowMsa_001,1591,0.32250628976713636,0.3192771084337349
4n9wA_4nc9C,ShallowMsa_002,1372,0.3309116256503644,0.3239429913661757
4n9wA_4nc9C,ShallowMsa_003,1046,0.3154802549074724,0.3153153153153153
4n9wA_4nc9C,ShallowMsa_004,1032,0.3404885085844123,0.3333333333333333
4n9wA_4nc9C,ShallowMsa_005,931,0.3609495105137046,0.3610223642172524
4n9wA_4nc9C,ShallowMsa_006,856,0.3474451321159764,0.3484430176565008
4n9wA_4nc9C,ShallowMsa_007,755,0.31832783901961387,0.3140495867768595
4n9wA_4nc9C,ShallowMsa_008,682,0.49168179352823765,0.5
4n9wA_4nc9C,ShallowMsa_009,661,0.5793077416317692,0.5677233429394812
4n9wA_4nc9C,ShallowMsa_010,626,0.3373728670816421,0.3373134328358209
4n9wA_4nc9C,ShallowMsa_011,621,0.32123479332685934,0.31896551724137934
4n9wA_4nc9C,ShallowMsa_012,578,0.34040132954086083,0.33640611724723873
4n9wA_4nc9C,ShallowMsa_013,519,0.3785127235213727,0.3782051282051282
4n9wA_4nc9C,ShallowMsa_014,465,0.3148374803658886,0.3120567375886525
4n9wA_4nc9C,ShallowMsa_015,450,0.4803873445105962,0.48772959951821737
4n9wA_4nc9C,ShallowMsa_016,300,0.31095448831581995,0.3101431740270216
4o01D_4o0pA,ShallowMsa_000,2427,0.34189469328295696,0.3399122807017544
4o01D_4o0pA,ShallowMsa_001,1883,0.3508365881372829,0.3424242424242424
4o01D_4o0pA,ShallowMsa_002,1729,0.3447712243471579,0.3405639913232104
4o01D_4o0pA,ShallowMsa_003,785,0.3430589119185086,0.3438818565400844
4o01D_4o0pA,ShallowMsa_004,748,0.3407661341319246,0.3398058930316995
4o01D_4o0pA,ShallowMsa_005,546,0.36348895282619725,0.35667396061269147
4o01D_4o0pA,ShallowMsa_006,516,0.2974326919652823,0.29348078037473435
4o01D_4o0pA,ShallowMsa_007,452,0.3543602921135648,0.35434782608695653
4o01D_4o0pA,ShallowMsa_008,406,0.34336562021295375,0.34297668858338315
4o01D_4o0pA,ShallowMsa_009,405,0.30848965805419826,0.3076923076923077
4o01D_4o0pA,ShallowMsa_010,386,0.3110385688981802,0.3092893590184612
4o01D_4o0pA,ShallowMsa_011,341,0.38103645297048855,0.3817204301075269
4o01D_4o0pA,ShallowMsa_012,337,0.34893294845240963,0.350561797752809
4o01D_4o0pA,ShallowMsa_013,334,0.3355975118400851,0.3390191897654584
4o01D_4o0pA,ShallowMsa_014,333,0.3260281372976682,0.3257918552036199
4o01D_4o0pA,ShallowMsa_015,291,0.354733785354101,0.35560344827586204
4pyjA_4pyiA,ShallowMsa_000,1218,0.5347826272048452,0.5180785700986781
4pyjA_4pyiA,ShallowMsa_001,1158,0.36852252654336265,0.3723015996272713
4pyjA_4pyiA,ShallowMsa_002,1150,0.31518013352215707,0.31058253340862035
4pyjA_4pyiA,ShallowMsa_003,977,0.318310052774723,0.3135593220338983
4pyjA_4pyiA,ShallowMsa_004,913,0.3262350028037177,0.32515337423312884
4pyjA_4pyiA,ShallowMsa_005,893,0.3206375626644427,0.32142857142857145
4pyjA_4pyiA,ShallowMsa_006,871,0.31172033800541044,0.31007751937984496
4pyjA_4pyiA,ShallowMsa_007,739,0.30735483820079484,0.3023255813953488
4pyjA_4pyiA,ShallowMsa_008,727,0.3780387747151207,0.38202247191011235
4pyjA_4pyiA,ShallowMsa_009,711,0.2883700302498926,0.2857142857142857
4pyjA_4pyiA,ShallowMsa_010,634,0.3092117214161964,0.30434782608695654
4pyjA_4pyiA,ShallowMsa_011,628,0.31133060230712245,0.3103448275862069
4pyjA_4pyiA,ShallowMsa_012,621,0.3144968948997089,0.3148148148148148
4pyjA_4pyiA,ShallowMsa_013,535,0.3120697505965589,0.3113207547169811
4pyjA_4pyiA,ShallowMsa_014,531,0.3015459647883106,0.3013698630136986
4pyjA_4pyiA,ShallowMsa_015,519,0.34608225860191544,0.3407821229050279
4pyjA_4pyiA,ShallowMsa_016,503,0.348301016861928,0.3386243386243386
4pyjA_4pyiA,ShallowMsa_017,464,0.39930894706597225,0.4019607843137255
4pyjA_4pyiA,ShallowMsa_018,462,0.3740991022991654,0.36502463054187195
4q79F_4uv2D,ShallowMsa_000,436,0.500861386452197,0.5026455026455027
4q79F_4uv2D,ShallowMsa_001,409,0.44893491251389595,0.4396551724137931
4q79F_4uv2D,ShallowMsa_002,366,0.4475966411174229,0.45108695652173914
4q79F_4uv2D,ShallowMsa_003,356,0.451476143401291,0.4521276595744681
4q79F_4uv2D,ShallowMsa_004,330,0.554316207267439,0.5531914893617021
4q79F_4uv2D,ShallowMsa_005,322,0.5148447672509824,0.5212765957446809
4q79F_4uv2D,ShallowMsa_006,315,0.5593561097285272,0.5597826086956522
4q79F_4uv2D,ShallowMsa_007,283,0.4222644168224166,0.42391304347826086
4q79F_4uv2D,ShallowMsa_008,269,0.4283378388971468,0.4383561643835616
4q79F_4uv2D,ShallowMsa_009,266,0.354301151843321,0.3126745810055866
4q79F_4uv2D,ShallowMsa_010,265,0.45213462060193044,0.45652173913043476
4q79F_4uv2D,ShallowMsa_011,263,0.5791944597334333,0.4782608695652174
4q79F_4uv2D,ShallowMsa_012,261,0.4888686013362345,0.4891304347826087
4q79F_4uv2D,ShallowMsa_013,259,0.47192563116560804,0.45161290322580644
4q79F_4uv2D,ShallowMsa_014,256,0.37737667030275784,0.3404143258426966
4q79F_4uv2D,ShallowMsa_015,254,0.4503922859308739,0.45108695652173914
4q79F_4uv2D,ShallowMsa_016,250,0.4406680008440675,0.43478260869565216
4q79F_4uv2D,ShallowMsa_017,245,0.49147029556209115,0.4945652173913043
4q79F_4uv2D,ShallowMsa_018,234,0.30735172895894247,0.3046875
4qhhA_4qhfA,ShallowMsa_000,307,0.34091533801562124,0.32432432432432434
4qhhA_4qhfA,ShallowMsa_001,301,0.28808554415332555,0.28205128205128205
4qhhA_4qhfA,ShallowMsa_002,301,0.3108027701279627,0.3076923076923077
4qhhA_4qhfA,ShallowMsa_003,245,0.30046103506393207,0.3
4qhhA_4qhfA,ShallowMsa_004,230,0.32606635933889205,0.3230769230769231
4qhhA_4qhfA,ShallowMsa_005,224,0.28879773307156853,0.2830188679245283
4qhhA_4qhfA,ShallowMsa_006,215,0.29348079199722993,0.29545454545454547
4qhhA_4qhfA,ShallowMsa_007,208,0.331612420372948,0.31851119894598157
4qhhA_4qhfA,ShallowMsa_008,203,0.314014131755278,0.3148148148148148
4qhhA_4qhfA,ShallowMsa_009,203,0.3016790246197112,0.2972972972972973
4rwqB_4rwnA,ShallowMsa_000,443,0.46717729894189686,0.45652173913043476
4rwqB_4rwnA,ShallowMsa_001,442,0.5495320381543144,0.5470588235294118
4rwqB_4rwnA,ShallowMsa_002,361,0.4604071970154685,0.4386503067484663
4rwqB_4rwnA,ShallowMsa_003,360,0.45521809335655516,0.44108761329305135
4rwqB_4rwnA,ShallowMsa_004,333,0.4212473162745991,0.41964285714285715
4rwqB_4rwnA,ShallowMsa_005,276,0.3002297649275318,0.3
4rwqB_4rwnA,ShallowMsa_006,266,0.6959165313209397,0.711764705882353
4rwqB_4rwnA,ShallowMsa_007,258,0.45189832812087977,0.45317220543806647
4rwqB_4rwnA,ShallowMsa_008,245,0.6610311728945673,0.6656976744186046
4rwqB_4rwnA,ShallowMsa_009,227,0.45539885496067994,0.45481927710843373
4rwqB_4rwnA,ShallowMsa_010,217,0.44859145492009384,0.3925233644859813
4tsyD_3zwgN,ShallowMsa_000,1071,0.34760776698189333,0.30714285714285716
4xwsD_4y0mJ,ShallowMsa_000,3433,0.319840603438495,0.3191489361702128
4xwsD_4y0mJ,ShallowMsa_001,1540,0.2995070612857091,0.29842931937172773
4xwsD_4y0mJ,ShallowMsa_002,1207,0.34236054974898994,0.3333333333333333
4xwsD_4y0mJ,ShallowMsa_003,1173,0.40666757513730223,0.42424242424242425
4xwsD_4y0mJ,ShallowMsa_004,1113,0.42225508261577643,0.3879310344827586
4xwsD_4y0mJ,ShallowMsa_005,1007,0.3403891481746048,0.34210526315789475
4xwsD_4y0mJ,ShallowMsa_006,929,0.3298302738224158,0.3316062176165803
4xwsD_4y0mJ,ShallowMsa_007,861,0.6823642470073237,0.6473684210526316
4xwsD_4y0mJ,ShallowMsa_008,773,0.5051932788170562,0.5130890052356021
4xwsD_4y0mJ,ShallowMsa_009,718,0.32423910699875375,0.32642487046632124
4xwsD_4y0mJ,ShallowMsa_010,647,0.31302658606240324,0.31137724550898205
4xwsD_4y0mJ,ShallowMsa_011,547,0.3309744279502711,0.32978723404255317
4xwsD_4y0mJ,ShallowMsa_012,545,0.2884705248812031,0.28804347826086957
4xwsD_4y0mJ,ShallowMsa_013,508,0.46567253359273914,0.46934767759562845
4xwsD_4y0mJ,ShallowMsa_014,478,0.29834048855095213,0.29411764705882354
4xwsD_4y0mJ,ShallowMsa_015,457,0.32144057768719736,0.3090909090909091
4xwsD_4y0mJ,ShallowMsa_016,418,0.3362307348283368,0.3333333333333333
4xwsD_4y0mJ,ShallowMsa_017,402,0.3401451111350562,0.3228339947089947
4xwsD_4y0mJ,ShallowMsa_018,367,0.2971716296564486,0.29842931937172773
4xwsD_4y0mJ,ShallowMsa_019,350,0.3443177121626126,0.34536082474226804
4ydqB_4twaA,ShallowMsa_000,6629,0.40442710962226747,0.40540540540540543
4ydqB_4twaA,ShallowMsa_001,2534,0.5052494906775106,0.5146443514644351
4ydqB_4twaA,ShallowMsa_002,2289,0.33050062565997873,0.33185840707964603
4ydqB_4twaA,ShallowMsa_003,2262,0.43771162030051114,0.43067216868619407
4ydqB_4twaA,ShallowMsa_004,2062,0.42073688793918107,0.4168466522678186
4ydqB_4twaA,ShallowMsa_005,1617,0.38348824927815744,0.3841059602649007
4ydqB_4twaA,ShallowMsa_006,1272,0.4108345553591993,0.41312741312741313
4ydqB_4twaA,ShallowMsa_007,1075,0.5159530902451969,0.5167364016736402
4ydqB_4twaA,ShallowMsa_008,944,0.36507377073693387,0.37306271374486727
4ydqB_4twaA,ShallowMsa_009,934,0.3483772903885397,0.3369330453563715
4ydqB_4twaA,ShallowMsa_010,599,0.3918089601506396,0.4
4ydqB_4twaA,ShallowMsa_011,573,0.4164365411064952,0.4072494669509595
4ydqB_4twaA,ShallowMsa_012,545,0.3908254840020235,0.3897216274089936
4ydqB_4twaA,ShallowMsa_013,440,0.41774677915818875,0.42099640125955917
4ydqB_4twaA,ShallowMsa_014,424,0.33777493900234046,0.3295126116657908
4ydqB_4twaA,ShallowMsa_015,397,0.41378562810048725,0.4190064794816415
4ydqB_4twaA,ShallowMsa_016,315,0.37783565483538933,0.3793103448275862
4yhdG_7ahlE,ShallowMsa_000,277,0.3818823566501085,0.3371647509578544
4yhdG_7ahlE,ShallowMsa_001,243,0.3037970769102166,0.30303030303030304
4zrbH_4zrbC,ShallowMsa_000,391,0.3116686715103578,0.2962962962962963
4zrbH_4zrbC,ShallowMsa_001,332,0.2929280051720422,0.29310344827586204
4zrbH_4zrbC,ShallowMsa_002,320,0.2945801414252056,0.29411764705882354
4zrbH_4zrbC,ShallowMsa_003,295,0.30368322441021783,0.30303030303030304
4zrbH_4zrbC,ShallowMsa_004,290,0.29207296130217264,0.2910856134157105
4zrbH_4zrbC,ShallowMsa_005,273,0.31960624616395333,0.30612244897959184
4zrbH_4zrbC,ShallowMsa_006,271,0.29615300922888066,0.2956521739130435
4zrbH_4zrbC,ShallowMsa_007,251,0.29167693945598433,0.2905982905982906
4zrbH_4zrbC,ShallowMsa_008,249,0.280326633601409,0.2777777777777778
4zrbH_4zrbC,ShallowMsa_009,246,0.3119800630765227,0.2981899015560495
4zrbH_4zrbC,ShallowMsa_010,238,0.2719435793091647,0.26855494361395227
4zrbH_4zrbC,ShallowMsa_011,237,0.29094387608088174,0.2909090909090909
4zrbH_4zrbC,ShallowMsa_012,230,0.27379317514749046,0.2702702702702703
4zrbH_4zrbC,ShallowMsa_013,226,0.6301668927556234,0.6209273182957393
4zrbH_4zrbC,ShallowMsa_014,222,0.3106751603191402,0.30837227414330215
4zrbH_4zrbC,ShallowMsa_015,222,0.3010509276224043,0.30434782608695654
4zrbH_4zrbC,ShallowMsa_016,215,0.30066054957872607,0.2966101694915254
4zrbH_4zrbC,ShallowMsa_017,213,0.29366842977573915,0.29508196721311475
4zrbH_4zrbC,ShallowMsa_018,210,0.3066568202496507,0.3055555555555556
4zrbH_4zrbC,ShallowMsa_019,209,0.2923211384825537,0.2905982905982906
4zrbH_4zrbC,ShallowMsa_020,208,0.3194831604998181,0.31526251526251525
5bmyA_5b3zA,ShallowMsa_000,751,0.3137275481785747,0.2959770114942529
5bmyA_5b3zA,ShallowMsa_001,723,0.29383242943766047,0.2837465564738292
5bmyA_5b3zA,ShallowMsa_002,644,0.47413921890499067,0.4658467395767235
5bmyA_5b3zA,ShallowMsa_003,577,0.28732232364027266,0.28610354223433243
5bmyA_5b3zA,ShallowMsa_004,481,0.29491964792835523,0.2955801104972376
5bmyA_5b3zA,ShallowMsa_005,449,0.7596749797003038,0.7315068493150685
5bmyA_5b3zA,ShallowMsa_006,435,0.2921294743103044,0.29041095890410956
5bmyA_5b3zA,ShallowMsa_007,434,0.369798848632256,0.31130776027860074
5bmyA_5b3zA,ShallowMsa_008,379,0.2965450587295696,0.29442970822281167
5bmyA_5b3zA,ShallowMsa_009,354,0.28715744792760195,0.2867205146419136
5bmyA_5b3zA,ShallowMsa_010,345,0.454230690637285,0.38
5bmyA_5b3zA,ShallowMsa_011,341,0.4059666116066561,0.40540540540540543
5bmyA_5b3zA,ShallowMsa_012,323,0.31018499373575703,0.31024930747922436
5bmyA_5b3zA,ShallowMsa_013,304,0.32557872277971395,0.32499942125610576
5bmyA_5b3zA,ShallowMsa_014,271,0.2880479717254744,0.28184281842818426
5bmyA_5b3zA,ShallowMsa_015,267,0.5324161654674764,0.5204081632653061
5c1vB_5c1vA,ShallowMsa_000,3689,0.5330757399551745,0.4956521739130435
5c1vB_5c1vA,ShallowMsa_001,3203,0.3611928487038491,0.3333333333333333
5c1vB_5c1vA,ShallowMsa_002,2776,0.3634505779295108,0.36186770428015563
5c1vB_5c1vA,ShallowMsa_003,2438,0.3770229382659105,0.38132295719844356
5c1vB_5c1vA,ShallowMsa_004,2389,0.4177996891932146,0.4186851211072664
5c1vB_5c1vA,ShallowMsa_005,2309,0.3713908850875835,0.373134328358209
5c1vB_5c1vA,ShallowMsa_006,1997,0.39191514808276723,0.4020618556701031
5c1vB_5c1vA,ShallowMsa_007,1838,0.4235281742596065,0.42440733759855587
5c1vB_5c1vA,ShallowMsa_008,1522,0.5298770670937326,0.46259328358208956
5c1vB_5c1vA,ShallowMsa_009,1222,0.36139373196084096,0.35632487667371393
5c1vB_5c1vA,ShallowMsa_010,1196,0.7213196245595201,0.7258064516129032
5c1vB_5c1vA,ShallowMsa_011,1078,0.31467474190557043,0.3153846153846154
5c1vB_5c1vA,ShallowMsa_012,890,0.3265354153006318,0.3250883392226148
5c1vB_5c1vA,ShallowMsa_013,868,0.41039636503890264,0.4151624548736462
5c1vB_5c1vA,ShallowMsa_014,683,0.3404611650223858,0.33793103448275863
5c1vB_5c1vA,ShallowMsa_015,512,0.3593402521425118,0.3614921223354958
5c1vB_5c1vA,ShallowMsa_016,481,0.37675799261019444,0.3693379790940767
5c1vB_5c1vA,ShallowMsa_017,417,0.5678238531990855,0.5870967741935483
5et5A_3ifaA,ShallowMsa_000,4269,0.44302994186981876,0.4139194139194139
5et5A_3ifaA,ShallowMsa_001,2513,0.39134206307918745,0.3837638376383764
5et5A_3ifaA,ShallowMsa_002,2273,0.46860105785711526,0.4708029197080292
5et5A_3ifaA,ShallowMsa_003,1927,0.6750093594669515,0.6642599277978339
5et5A_3ifaA,ShallowMsa_004,1919,0.3979083603538544,0.403921568627451
5et5A_3ifaA,ShallowMsa_005,1602,0.3525799502442535,0.35269709543568467
5et5A_3ifaA,ShallowMsa_006,1311,0.4500927881933491,0.4551971326164875
5et5A_3ifaA,ShallowMsa_007,1243,0.3205266442478009,0.316
5et5A_3ifaA,ShallowMsa_008,1155,0.4208003070330643,0.4244604316546763
5et5A_3ifaA,ShallowMsa_009,1150,0.4621786584166296,0.46715328467153283
5et5A_3ifaA,ShallowMsa_010,1110,0.45160374622027116,0.45714285714285713
5et5A_3ifaA,ShallowMsa_011,1099,0.44200487259308413,0.4490566037735849
5et5A_3ifaA,ShallowMsa_012,1098,0.4110978608762405,0.4142608669798418
5et5A_3ifaA,ShallowMsa_013,1061,0.40225653869746475,0.4072727272727273
5et5A_3ifaA,ShallowMsa_014,958,0.34124077783461276,0.3404255319148936
5et5A_3ifaA,ShallowMsa_015,938,0.44432434794752806,0.4489051094890511
5et5A_3ifaA,ShallowMsa_016,705,0.4023124825959477,0.40671641791044777
5et5A_3ifaA,ShallowMsa_017,601,0.4294951209494057,0.43609022556390975
5et5A_3ifaA,ShallowMsa_018,322,0.3911657317024787,0.39560292064855573
5et5A_3ifaA,ShallowMsa_019,306,0.5323224955240444,0.5288842544316996
5f5rB_5f3kA,ShallowMsa_000,5964,0.4627816559694501,0.45706605222734253
5f5rB_5f3kA,ShallowMsa_001,2975,0.29444580751807864,0.2918918918918919
5f5rB_5f3kA,ShallowMsa_002,2852,0.41849122024790714,0.4292929292929293
5f5rB_5f3kA,ShallowMsa_003,2000,0.3674563200851903,0.36764705882352944
5f5rB_5f3kA,ShallowMsa_004,1984,0.366410555176912,0.36617485277939554
5f5rB_5f3kA,ShallowMsa_005,1912,0.41694889751648545,0.41808561808561806
5f5rB_5f3kA,ShallowMsa_006,1659,0.43649310997363805,0.4416243654822335
5f5rB_5f3kA,ShallowMsa_007,1600,0.430674674423212,0.4365482233502538
5f5rB_5f3kA,ShallowMsa_008,1253,0.41885604018171796,0.4158878504672897
5f5rB_5f3kA,ShallowMsa_009,1158,0.3955097210303831,0.40852642738149325
5f5rB_5f3kA,ShallowMsa_010,1138,0.35399384950614027,0.3373493975903614
5f5rB_5f3kA,ShallowMsa_011,1088,0.4198114225881488,0.43414634146341463
5f5rB_5f3kA,ShallowMsa_012,995,0.7135339141266779,0.755656108597285
5f5rB_5f3kA,ShallowMsa_013,985,0.42307172625435674,0.4368932038834951
5f5rB_5f3kA,ShallowMsa_014,919,0.4565086376879666,0.46875
5f5rB_5f3kA,ShallowMsa_015,783,0.41482373841199444,0.4189189189189189
5f5rB_5f3kA,ShallowMsa_016,715,0.3505860696739718,0.3539325842696629
5f5rB_5f3kA,ShallowMsa_017,521,0.46467132026745467,0.47029702970297027
5f5rB_5f3kA,ShallowMsa_018,499,0.414510029959372,0.4263959390862944
5hk5H_4jphB,ShallowMsa_000,326,0.3466561860361279,0.2949768810424548
5hk5H_4jphB,ShallowMsa_001,230,0.2820282683078107,0.2823529411764706
5hk5H_4jphB,ShallowMsa_002,229,0.39652982673821463,0.40186915887850466
5hk5H_4jphB,ShallowMsa_003,226,0.43166496685737704,0.44494949494949493
5hk5H_4jphB,ShallowMsa_004,211,0.3222022671638962,0.3225806451612903
5hk5H_4jphB,ShallowMsa_005,209,0.27550999942278065,0.275
5hk5H_4jphB,ShallowMsa_006,209,0.2945831286106264,0.29069767441860467
5hk5H_4jphB,ShallowMsa_007,207,0.2769617468294527,0.2777777777777778
5hk5H_4jphB,ShallowMsa_008,203,0.3461896668489489,0.358695652173913
5hk5H_4jphB,ShallowMsa_009,202,0.3149356394375865,0.3170731707317073
5hk5H_4jphB,ShallowMsa_010,202,0.3022169361080458,0.2964997964997965
5hk5H_4jphB,ShallowMsa_011,202,0.28116118949312946,0.28505897771952815
5i2sA_5i2mA,ShallowMsa_000,140,0.4696273046423108,0.39925310792497665
5jytA_2qkeE,ShallowMsa_000,3400,0.429250992628226,0.43130671506352086
5jytA_2qkeE,ShallowMsa_001,879,0.4002316614149004,0.40217391304347827
5jytA_2qkeE,ShallowMsa_002,818,0.4142443949632705,0.41304347826086957
5jytA_2qkeE,ShallowMsa_003,743,0.49315325021391554,0.5
5jytA_2qkeE,ShallowMsa_004,623,0.32803513252164257,0.323943661971831
5jytA_2qkeE,ShallowMsa_005,603,0.6947107173885432,0.7894736842105263
5jytA_2qkeE,ShallowMsa_006,596,0.4232856527594456,0.4235294117647059
5jytA_2qkeE,ShallowMsa_007,585,0.44767160898056696,0.4470588235294118
5jytA_2qkeE,ShallowMsa_008,553,0.42400973516519763,0.42391304347826086
5jytA_2qkeE,ShallowMsa_009,512,0.3309104608636819,0.3262013729977117
5jytA_2qkeE,ShallowMsa_010,505,0.466971115408175,0.4777777777777778
5jytA_2qkeE,ShallowMsa_011,501,0.4113698311847224,0.4158415841584158
5jytA_2qkeE,ShallowMsa_012,496,0.42801670759378224,0.42696629213483145
5jytA_2qkeE,ShallowMsa_013,475,0.3749775716718905,0.3764705882352941
5jytA_2qkeE,ShallowMsa_014,467,0.3983144519878413,0.3977272727272727
5jytA_2qkeE,ShallowMsa_015,460,0.37075781151851733,0.3677315753887762
5jytA_2qkeE,ShallowMsa_016,423,0.3911970771378212,0.3894736842105263
5jytA_2qkeE,ShallowMsa_017,404,0.39782711193584464,0.3979591836734694
5jytA_2qkeE,ShallowMsa_018,391,0.4306814169326921,0.43157894736842106
5jytA_2qkeE,ShallowMsa_019,330,0.454986318273238,0.4598850574712644
5jytA_2qkeE,ShallowMsa_020,308,0.4485309416144895,0.4535483097578518
5jytA_2qkeE,ShallowMsa_021,306,0.3735100903043359,0.3707865168539326
5jztG_5jzhA,ShallowMsa_000,363,0.4913781120539664,0.4613526570048309
5l35G_5l35D,ShallowMsa_000,172,0.47110253515588785,0.38829736666983555
5lj3M_3tp2A,ShallowMsa_000,738,0.36850927881752626,0.3509193657219973
5lj3M_3tp2A,ShallowMsa_001,629,0.3874031309498776,0.37745098039215685
5lj3M_3tp2A,ShallowMsa_002,432,0.3166159843705778,0.31645569620253167
5lj3M_3tp2A,ShallowMsa_003,420,0.4056307259493614,0.4105737496826606
5lj3M_3tp2A,ShallowMsa_004,415,0.39764659724103246,0.3944954128440367
5lj3M_3tp2A,ShallowMsa_005,396,0.43120159785705725,0.42857142857142855
5ly6B_5aoeB,ShallowMsa_000,587,0.34978985942496926,0.30434782608695654
5ly6B_5aoeB,ShallowMsa_001,204,0.4341313946718946,0.4342105263157895
5ly6B_5aoeB,ShallowMsa_002,201,0.32951149077707054,0.30319148936170215
5ly6B_5aoeB,ShallowMsa_003,199,0.2680704330242381,0.2662192393736018
5wrgC_1wyyB,ShallowMsa_000,401,0.357895307355041,0.35053763440860214
5wrgC_1wyyB,ShallowMsa_001,209,0.4253036300216642,0.35714285714285715
6c6sD_2ougC,ShallowMsa_000,1333,0.332246799515261,0.3248407643312102
6c6sD_2ougC,ShallowMsa_001,925,0.3064470669220052,0.29850746268656714
6c6sD_2ougC,ShallowMsa_002,912,0.40906314842810043,0.36023255813953486
6c6sD_2ougC,ShallowMsa_003,895,0.29534983113420815,0.29285714285714287
6c6sD_2ougC,ShallowMsa_004,812,0.29859316748201536,0.2971014492753623
6c6sD_2ougC,ShallowMsa_005,715,0.2778584596188158,0.2765957446808511
6c6sD_2ougC,ShallowMsa_006,639,0.2896605385394946,0.288
6c6sD_2ougC,ShallowMsa_007,617,0.30068315761855463,0.29927007299270075
6c6sD_2ougC,ShallowMsa_008,477,0.3748040820681904,0.3717948717948718
6c6sD_2ougC,ShallowMsa_009,466,0.28526451187448015,0.27139568947478554
6c6sD_2ougC,ShallowMsa_010,443,0.26349500729312825,0.2625
6c6sD_2ougC,ShallowMsa_011,440,0.2880760746829539,0.273705051369863
6c6sD_2ougC,ShallowMsa_012,426,0.3392093479980118,0.33675
6c6sD_2ougC,ShallowMsa_013,405,0.33898354006975057,0.3382352941176471
6c6sD_2ougC,ShallowMsa_014,405,0.43978647627013895,0.4148936170212766
6c6sD_2ougC,ShallowMsa_015,394,0.30799088427983284,0.304661630794702
6c6sD_2ougC,ShallowMsa_016,373,0.334981849459928,0.3157894736842105
6c6sD_2ougC,ShallowMsa_017,308,0.34841643718687304,0.34694444444444444
6c6sD_2ougC,ShallowMsa_018,277,0.32093209588032073,0.3157894736842105
