pair_id,method,n_clusters,n_f1,n_f2,n_amb,has_both_folds,TMdiff_spread,TMdiff_range,TMdiff_mean,best_score_f1,best_score_f2
1dzlA_5keqF,AF2,24,10,14,0,True,0.01,0.0365,0.0004,0.5651,0.5601
1dzlA_5keqF,MSAT,24,1,17,6,True,0.0407,0.1629,-0.0446,0.1,0.2143
1fzpD_2frhA,AF2,11,0,11,0,False,0.0615,0.1858,-0.2865,0.4852,0.8562
1jfkA_2nxqB,AF2,43,43,0,0,False,0.0471,0.1961,0.1161,0.5372,0.3697
1jfkA_2nxqB,ESM,43,42,1,0,True,0.0243,0.1586,-0.0657,0.588,0.5673
1jfkA_2nxqB,MSAT,43,2,23,18,True,0.1773,0.6286,-0.1492,0.1667,0.7
2qqjA_4qdsA,AF2,26,23,3,0,True,0.1288,0.4511,0.1452,0.9556,0.5342
2qqjA_4qdsA,ESM,26,26,0,0,False,0.0375,0.1399,0.4219,0.9726,0.6588
2qqjA_4qdsA,MSAT,26,0,0,26,False,0.0,0.0,0.0,0.0,0.0
